protein	id	Disease	fdr	pqtl	p	qtl	p_qtl	proxy	p_proxy	rsq
IL-12B	ebi-a-GCST004131	Inflammatory bowel disease	8.3738002e-28	rs10076557	1.47947e-30	rs755374	1.58599e-39	rs10045431	4.42385e-32	0.881747292196
IL-12B	ebi-a-GCST004132	Crohn's disease	3.4602127e-19	rs10076557	1.22269e-21	rs755374	1.38007e-29	rs10046001	6.19869e-22	0.881906931801
ST1A1	ebi-a-GCST004131	Inflammatory bowel disease	1.0171586e-18	rs149278	5.3913e-21	rs28374519	6.54636e-16	rs231976	1.71317e-13	0.959933576644
IL-12B	ebi-a-GCST004133	Ulcerative colitis	6.6710458e-18	rs10076557	4.71452e-20	rs6871626	5.89522e-24	rs983825	2.11009e-20	0.994762874884
ST1A1	ebi-a-GCST004132	Crohn's disease	1.72933376e-15	rs149278	1.52768e-17	rs42861	8.86748e-14	rs231976	2.74998e-10	0.959933576644
CD40	ieu-a-833	Rheumatoid arthritis	1.35456063333333e-13	rs1883832	1.43593e-15	rs4239702	8.99912e-15	rs4239702	8.99912e-15	0.843921497104
CD40	ieu-b-18	Multiple sclerosis	9.95747628571429e-11	rs1883832	1.23149e-12	rs6032662	2.84512e-13	rs6032662	2.84512e-13	0.988109557369
ST1A1	ebi-a-GCST004133	Ulcerative colitis	1.485742925e-09	rs149278	2.09999e-11	rs28374519	8.14104e-08	rs151321	3.29997e-07	0.970818060601
IL-18R1	ieu-a-996	Eczema	1.31179933333333e-08	rs2270297	2.0859e-10	rs6419573	2.91998e-10	rs6419573	2.91998e-10	0.992545942756
CD40	ebi-a-GCST004132	Crohn's disease	1.2710379e-06	rs1883832	2.24565e-08	rs3761158	2.64911e-11	rs6032664	1.31701e-07	0.987489375625
CD6	ebi-a-GCST004131	Inflammatory bowel disease	1.074834e-05	rs2074227	2.0889e-07	rs11230563	1.95398e-06	rs11230563	1.95398e-06	0.988829371201
FGF-21	GCST90014023	Type 1 diabetes	3.40148548333333e-05	rs838131	7.21163e-07	rs601338	1.2e-18	rs838131	3.75e-06	1
CD40	ebi-a-GCST004131	Inflammatory bowel disease	8.34941430769231e-05	rs1883832	1.91771e-06	rs3761158	6.98007e-07	rs6074022	1.39601e-06	0.988600672656
CXCL5	ebi-a-GCST004133	Ulcerative colitis	9.14757071428571e-05	rs450373	2.26265e-06	rs425535	2.21799e-07	rs425535	2.21799e-07	0.992089705369
CCL4	GCST90014023	Type 1 diabetes	0.000332274545	rs8064426	9.39292e-06	rs78943308	2.61e-05	NA	NA	NA
IL-15RA	GCST90014023	Type 1 diabetes	0.000332274545	rs2228059	9.0646e-06	rs61839660	5.25e-43	NA	NA	NA
IL-18R1	ebi-a-GCST004132	Crohn's disease	0.0006313164	rs2270297	1.89618e-05	rs11378157	9.28966e-14	rs2110735	1.19702e-13	0.944195059809
CD6	ebi-a-GCST004133	Ulcerative colitis	0.00220305752222222	rs2074227	7.00619e-05	rs139528358	5.10799e-06	rs2110735	1.19702e-13	0.944195059809
CD5	ieu-a-1112	Primary sclerosing cholangitis	0.00241424916842105	rs674379	8.10437e-05	rs10792302	4.88416e-05	NA	NA	NA
CX3CL1	ebi-a-GCST003156	Systemic lupus erythematosus	0.004869015	rs671623	0.00017205	rs10852562	1.99214e-07	NA	NA	NA
CCL4	ebi-a-GCST004131	Inflammatory bowel disease	0.00769327781818182	rs8064426	0.000287138	rs180715914	6.44496e-05	NA	NA	NA
CCL4	ieu-b-69	Sepsis	0.00769327781818182	rs8064426	0.000299032	rs1221587775	8.09991e-05	NA	NA	NA
CXCL5	ebi-a-GCST004131	Inflammatory bowel disease	0.0111266740869565	rs450373	0.000452144	rs425535	0.000145999	NA	NA	NA
OPG	GCST90014023	Type 1 diabetes	0.0189259551666667	rs2247769	0.000802514	rs13259300	3.28e-10	NA	NA	NA
CD6	ebi-a-GCST004132	Crohn's disease	0.02056099144	rs2074227	0.000908171	rs102275	2.70601e-07	NA	NA	NA
CCL4	ieu-a-996	Eczema	0.0383103630769231	rs8064426	0.00175984	rs191528235	5.92994e-06	rs174611	8.51609e-06	0.00039108226564
CD6	ebi-a-GCST003156	Systemic lupus erythematosus	0.0451267607407407	rs2074227	0.00215269	rs2232143	5.2248e-05	NA	NA	NA
CCL4	ebi-a-GCST004133	Ulcerative colitis	0.047633145	rs8064426	0.00235641	rs147721468	0.000370399	NA	NA	NA
ADA	ebi-a-GCST004133	Ulcerative colitis	0.0478574468965517	rs11555566	0.00245206	rs6017342	3.95185e-30	NA	NA	NA
