chr,TSS_start,pval,label,druggability_category
chr7,12211240,2.95796151201191e-11,TMEM106B,5
chr17,43211834,1.19807428021271e-08,TMEM106A,5
chr5,156963254,9.64273132343784e-08,TIMD4,3
chr14,94390692,7.85295552169673e-09,SERPINA1,3
chr1,42456267,2.27910980957961e-07,PPCS,4
chr10,122374695,2.40923623280907e-08,PLEKHA1,4
chr4,119628990,6.50150484734583e-21,PDE5A,1
chr4,119628990,2.39896293076738e-20,PDE5A,1
chr1,55039547,5.60021478188339e-65,PCSK9,1
chr17,76711015,1.83669092934522e-08,MXRA7,5
chr3,49689497,2.95385428335237e-09,MST1,5
chr4,186226437,6.46626884585061e-07,KLKB1,1
chr3,52830738,1.05207786936059e-09,ITIH4,4
chr1,154405192,2.48939192978477e-22,IL6R,1
chr2,113107213,2.59101215484039e-08,IL1RN,4
chr10,122461524,1.6766463535637e-15,HTRA1,4
chr4,3441886,1.26773373928217e-15,HGFAC,3
chr22,23961185,1.79084811919568e-06,GSTT2B,4
chr2,215436171,4.86014700343694e-22,FN1,1
chr4,119322389,3.2059191806422e-09,FABP2,3
chr16,75207184,2.02908711247037e-09,CTRB2,4
chr12,56362822,4.40348588930748e-07,APOF,4
chr11,116829705,7.06188479177199e-32,APOC3,4
chr2,21044072,1.46776922091684e-24,APOB,4
chr9,133275213,1.05136355583731e-09,ABO,5
chr11,9664076,5.85968917035203e-12,NA,NA
chr11,116792419,1.81061228162258e-10,NA,NA
chr19,41428729,2.19486691798972e-10,NA,NA
chr19,45692482,5.98896356728751e-10,NA,NA
chr10,12195963,1.9731752900754e-09,NA,NA
chr6,160702237,3.62521412303689e-09,NA,NA
chr12,7092606,1.28303155344152e-07,NA,NA
chr3,52794767,1.9155262589461e-07,NA,NA
chr12,6988258,3.72979187962063e-07,NA,NA
chr17,46590668,4.38854484689549e-07,NA,NA
chr1,109656080,1.24838376596969e-06,NA,NA
chr7,37449248,1.31546646916173e-06,NA,NA
chr1,109687813,1.34739104283078e-06,NA,NA
chr19,19211972,1.56448935417101e-06,NA,NA
chr2,3594831,1.61972972103801e-06,NA,NA
chr6,32128252,2.03416648513742e-06,NA,NA
chr1,26529760,3.80752006793601e-06,NA,NA
chr10,72954777,3.9412278146407e-06,NA,NA
chr22,32801700,4.69706489506807e-06,NA,NA
chr15,73051709,5.52777786925246e-06,NA,NA
chr20,64049835,7.6411312712965e-06,NA,NA
chr11,10693987,7.6411312712965e-06,NA,NA
chr17,4739921,1.0512522159786e-05,NA,NA
chr1,230714296,1.10169755405757e-05,NA,NA
chr6,31615183,1.10907025947587e-05,NA,NA
chr11,46719179,1.14357698431459e-05,NA,NA
chr7,99976156,1.31771266997448e-05,NA,NA
chr12,95791151,1.35297461791812e-05,NA,NA
NA,NA,1.35758128639195e-05,NA,NA
chr3,129606817,1.67617546549167e-05,NA,NA
chr11,102955733,2.32893507495143e-05,NA,NA
chr17,42388567,2.50569922986382e-05,NA,NA
chr17,18856298,2.54776442690202e-05,NA,NA
chr17,4789225,3.03689483200312e-05,NA,NA
chr2,237414374,3.89474794097391e-05,NA,NA
chr5,96875938,4.06096390401881e-05,NA,NA
chr9,110579879,4.47825399198281e-05,NA,NA
chr22,19941606,4.48267129602506e-05,NA,NA
chr6,95577542,5.48244313960371e-05,NA,NA
chr2,27496841,5.64865417794189e-05,NA,NA
NA,NA,5.64865417794191e-05,NA,NA
chr11,46719179,5.66575872477096e-05,NA,NA
chr20,45912154,5.72776160801534e-05,NA,NA
chr14,92106620,6.11621367894656e-05,NA,NA
chr9,136373680,7.09811057687293e-05,NA,NA
chr10,102714406,7.21562451627628e-05,NA,NA
chr1,178871051,8.54010543158212e-05,NA,NA
chr5,98768649,8.61603897241989e-05,NA,NA
chr15,78949573,8.87897488827965e-05,NA,NA
chr12,111766886,9.17655359491826e-05,NA,NA
chr12,57434759,9.26440982172256e-05,NA,NA
chr3,50312380,0.000105297607139451,NA,NA
chr6,33804010,0.000115642273816999,NA,NA
chr5,96808099,0.000129570288042298,NA,NA
chr10,116620952,0.000135748209138456,NA,NA
chr10,75109220,0.000135748209138456,NA,NA
chr11,46918641,0.000150966802500765,NA,NA
chr1,16980834,0.000150966802500765,NA,NA
chr7,100373444,0.000160007663502242,NA,NA
chr7,44490879,0.000161472764170187,NA,NA
chr21,43719093,0.00016541931028515,NA,NA
chr19,38813363,0.000172129657777694,NA,NA
chr6,127118603,0.000188121434945651,NA,NA
chr5,108747821,0.000200847027711898,NA,NA
chr10,22714554,0.000209466617830473,NA,NA
chr13,113864066,0.000215599466954777,NA,NA
chr7,100373444,0.000215599466954777,NA,NA
chr2,79120457,0.000221274933823331,NA,NA
chr2,206443538,0.000234836469506746,NA,NA
chr2,79087992,0.000255291825890006,NA,NA
chr7,99374248,0.000263328515700756,NA,NA
chr20,1894374,0.000271554086884511,NA,NA
chr11,82970583,0.000288961451762471,NA,NA
chr3,52445084,0.000300047918559003,NA,NA
chr2,55924138,0.000312237199149283,NA,NA
chr4,144646020,0.000337575301989934,NA,NA
chr3,52777591,0.000344980928312397,NA,NA
chr11,108498431,0.000364263417122077,NA,NA
chr16,69726950,0.000388078237645173,NA,NA
chr7,80922358,0.000388585022047795,NA,NA
chr11,120210766,0.000391978232303219,NA,NA
chr1,45012146,0.000425389929134244,NA,NA
chr11,20669550,0.000432302564089152,NA,NA
chr11,6390430,0.000438750673492202,NA,NA
chr1,16156086,0.000465258158071051,NA,NA
chr1,205042936,0.000482382155239663,NA,NA
chr17,66256524,0.000526230286227577,NA,NA
chr9,127854755,0.00059059451010736,NA,NA
chr20,38166577,0.000590594510107362,NA,NA
NA,NA,0.000618540659127576,NA,NA
chr2,85694290,0.000620097043601874,NA,NA
chr1,207752056,0.000623792590960536,NA,NA
chr16,72054591,0.000626848659834228,NA,NA
chr19,43269529,0.000651337925199955,NA,NA
chr1,43300992,0.000673858531353763,NA,NA
chr3,196595,0.000852297011610459,NA,NA
chr4,87531060,0.000853896178452641,NA,NA
chr4,110365732,0.000950129411683591,NA,NA
chr2,102186972,0.000967998446033288,NA,NA
chr12,48105138,0.000974204153393905,NA,NA
chr15,74843196,0.000992363190536378,NA,NA
chr19,38244034,0.00101724135032865,NA,NA
chr8,38468833,0.00103502804725254,NA,NA
chr1,32108037,0.00116106643827748,NA,NA
chr4,105894774,0.00127200437923791,NA,NA
chr16,72054591,0.00131105870297447,NA,NA
chr6,127118603,0.00135250215155956,NA,NA
chr19,17555593,0.00142672470838101,NA,NA
chr9,110579879,0.00152254176288697,NA,NA
chr15,74100310,0.00171026635295667,NA,NA
chr2,37344573,0.00180359062285314,NA,NA
chr22,43343387,0.00184717738520952,NA,NA
chr16,66366621,0.00191851993249485,NA,NA
chr22,36166176,0.00207000594960568,NA,NA
chr2,86563478,0.00207733377299665,NA,NA
chr3,173396283,0.00208307518321576,NA,NA
chr15,90933976,0.00209149266047752,NA,NA
chr5,148312418,0.00211573819819943,NA,NA
chr19,42740568,0.00215787840216303,NA,NA
chr1,25617467,0.00219442714937981,NA,NA
chr8,16567489,0.00219556344996515,NA,NA
chr11,49208669,0.00224643980500647,NA,NA
chr19,42937177,0.00238362796787267,NA,NA
chr6,31815064,0.00242449763583057,NA,NA
chr17,80477842,0.00255712139047589,NA,NA
chr7,150341673,0.00269979606326019,NA,NA
chr12,50283545,0.00269979606326019,NA,NA
chr1,40097702,0.00279626149646375,NA,NA
chr10,125823247,0.00281750331146727,NA,NA
chr1,169586587,0.00283290231567,NA,NA
chr2,162318839,0.00286238399063236,NA,NA
chr3,46574533,0.00288183092863529,NA,NA
chr17,41966740,0.00289889137628783,NA,NA
chr4,76007487,0.00290346413120363,NA,NA
chr19,38256590,0.00292988547845909,NA,NA
chr7,137343864,0.0029493042005966,NA,NA
chr19,43186535,0.00306049667122326,NA,NA
chr6,32741341,0.00314204445455465,NA,NA
chr12,108562600,0.00319095051690331,NA,NA
chr1,159925731,0.00320491112775516,NA,NA
chr1,159925731,0.00320491112775516,NA,NA
chr8,81732880,0.00346590880224405,NA,NA
chr4,102760993,0.00370269233512671,NA,NA
chr8,81686692,0.00373162660076808,NA,NA
chr5,96434142,0.00400143259166328,NA,NA
chr9,115118256,0.00419640065397461,NA,NA
chr11,104164378,0.00425773478240864,NA,NA
chr19,4229497,0.0043218957505223,NA,NA
chr5,159330886,0.00469307944996515,NA,NA
chr1,43978942,0.00472826466513227,NA,NA
chr4,176792726,0.00476085146323682,NA,NA
chr9,34329505,0.00482679004946439,NA,NA
chr20,34955816,0.00486575401113068,NA,NA
chr13,112894377,0.00486575401113069,NA,NA
chr11,104164378,0.00496852861292012,NA,NA
chr17,42112732,0.00519196610910886,NA,NA
chr19,6670587,0.00525775746515077,NA,NA
chr17,52160016,0.00544400997458857,NA,NA
chr5,102753980,0.00571285281553021,NA,NA
chr7,2233242,0.00572450668108239,NA,NA
chr10,73909176,0.00617961773427538,NA,NA
NA,NA,0.00633862679324447,NA,NA
chr2,127418426,0.00633862679324447,NA,NA
chr17,28662089,0.00633862679324448,NA,NA
chr1,113979390,0.00636778617923906,NA,NA
chr2,68952969,0.00654584936171444,NA,NA
chr19,11579007,0.00665999034495725,NA,NA
chr1,149917881,0.00668122904575351,NA,NA
chr3,87227270,0.00671765176446706,NA,NA
chr20,46008907,0.00687782332399803,NA,NA
chr1,236517999,0.00732634223975815,NA,NA
chr1,230869588,0.00750711274643096,NA,NA
chr8,56446733,0.00760582797635477,NA,NA
chr17,7179563,0.00776504251167398,NA,NA
chr6,46735692,0.008081430044465,NA,NA
chr12,86601303,0.00816519866946776,NA,NA
chr1,150579737,0.00847515077810263,NA,NA
chr19,49665140,0.00849891186920232,NA,NA
chr11,10611688,0.00861756573857462,NA,NA
chr16,152686,0.00865722385642097,NA,NA
chr9,136545861,0.00866489672602512,NA,NA
chr16,1240695,0.00875565509791098,NA,NA
chr6,32184323,0.00877521051040781,NA,NA
chr1,197067266,0.00907867945682806,NA,NA
chr7,23597378,0.00919678422244342,NA,NA
chr11,124762289,0.00926389809877033,NA,NA
chr7,44082539,0.00933999587633636,NA,NA
chr17,7548890,0.00946621315044503,NA,NA
chr11,33542071,0.00999805697066032,NA,NA
chr12,47725566,0.0100240086635227,NA,NA
chr19,19262795,0.0102102158679903,NA,NA
chr3,12159350,0.0102412661400109,NA,NA
chr6,42960757,0.0103328480095011,NA,NA
chr1,66801255,0.0103442972029981,NA,NA
chr3,186842689,0.0105507638442118,NA,NA
chr15,60402882,0.0108148579021918,NA,NA
chr2,224039318,0.0108360488712271,NA,NA
chr5,157109713,0.0108542050200191,NA,NA
chr12,58920521,0.0110685576334064,NA,NA
chr14,65102694,0.0111341040457298,NA,NA
chr6,37699305,0.0113852258332906,NA,NA
chr10,72355229,0.0115265819559158,NA,NA
chr19,9936551,0.0119693853153205,NA,NA
chr14,78170372,0.0119770253522359,NA,NA
chr3,186717422,0.0122715241889562,NA,NA
chr4,986996,0.0124055197470445,NA,NA
chr20,45857405,0.0124193306515523,NA,NA
chr1,153613144,0.0124193306515523,NA,NA
chr13,52406493,0.0125649430610036,NA,NA
chr15,76311471,0.0127003332134346,NA,NA
chr4,7068196,0.0127003332134346,NA,NA
chr2,219060466,0.0127096409377864,NA,NA
chr6,24667034,0.0132390695402817,NA,NA
chr10,103193305,0.0135736994382795,NA,NA
chr18,75209347,0.013914641199738,NA,NA
chr10,80407828,0.013914641199738,NA,NA
chr15,82986152,0.0139583549185675,NA,NA
chr3,45146421,0.0142115908935625,NA,NA
chr8,11869447,0.0144784724660847,NA,NA
chr9,27109140,0.0146784108059775,NA,NA
chr22,20437825,0.0147138709370659,NA,NA
chr8,30727925,0.0147269742373694,NA,NA
chr1,201982371,0.014823647257276,NA,NA
chr1,1434860,0.0148436978674412,NA,NA
chr1,149928343,0.0149977894735928,NA,NA
chr12,27771275,0.0150186346988169,NA,NA
chr5,157059118,0.0150785115532674,NA,NA
chr19,695497,0.0154632137089758,NA,NA
chr16,57404766,0.0155958967306008,NA,NA
chr14,103561895,0.0157186018377697,NA,NA
chr15,60402882,0.0160482433562873,NA,NA
chr15,41493392,0.0166322977700022,NA,NA
chr3,75906694,0.0166322977700022,NA,NA
chr17,1761958,0.0172369098617783,NA,NA
chr19,7702145,0.0172539080894194,NA,NA
chr19,54313138,0.0172679439961756,NA,NA
chr19,12891025,0.0173889722066872,NA,NA
chr14,100376804,0.0178104184986217,NA,NA
chr16,2720550,0.0178641925121443,NA,NA
chr8,133191038,0.0179389126334488,NA,NA
chr3,186717422,0.0179484629492834,NA,NA
chr22,45502237,0.0181912521625613,NA,NA
chr12,13000272,0.0182270377570895,NA,NA
chr16,67483812,0.0182970872732547,NA,NA
chr9,136975091,0.0187053618476017,NA,NA
chr14,69854130,0.0187751215164911,NA,NA
chr5,179806933,0.0188989736455065,NA,NA
chr2,102418688,0.0190358799858124,NA,NA
chr19,5870539,0.0195784927898339,NA,NA
chr1,150508061,0.0197561402146542,NA,NA
chr6,33314386,0.0205697662542228,NA,NA
chr21,33266357,0.0206827847457839,NA,NA
chr6,31655470,0.0207817282681266,NA,NA
chr17,76384520,0.0212031262615076,NA,NA
chr1,45523046,0.0212621349707394,NA,NA
chr11,66568840,0.0213168182347654,NA,NA
chr12,6913744,0.0213415572302345,NA,NA
chr21,44240965,0.0215690559596337,NA,NA
chr12,57742156,0.0216018158774391,NA,NA
chr3,111979009,0.022051845210263,NA,NA
chr3,100334700,0.0224863127806952,NA,NA
chr20,2800636,0.0228092919554691,NA,NA
chr11,66958375,0.0231911897169438,NA,NA
chr22,50628172,0.0232542960563564,NA,NA
chr19,43205773,0.0235128472570166,NA,NA
chr11,99020952,0.0239033835095149,NA,NA
chr1,149887916,0.0240232781909905,NA,NA
chr4,38805577,0.0240822851056542,NA,NA
chr19,51531855,0.0243804837155942,NA,NA
chr4,75940948,0.0244313091163797,NA,NA
chr6,31945672,0.0246941553494885,NA,NA
chr6,35214418,0.0248038196322576,NA,NA
chr17,63477060,0.0250080737561354,NA,NA
chr3,9933821,0.0260945552728238,NA,NA
chr17,58280934,0.0261263500349318,NA,NA
chr17,79074938,0.0266814875134961,NA,NA
chr4,95549127,0.0269196962917737,NA,NA
chr21,46155566,0.027035201756962,NA,NA
chr1,161663146,0.0275538765753095,NA,NA
chr20,25195692,0.0276826627359358,NA,NA
chr9,113376998,0.0277757999006728,NA,NA
chr2,178478599,0.0278068950269972,NA,NA
chr4,39406852,0.0280358619450841,NA,NA
chr9,33750465,0.0282034737356933,NA,NA
chr19,18607740,0.0284163987470917,NA,NA
chr7,157335380,0.0289467817920788,NA,NA
chr12,8032702,0.0289467817920788,NA,NA
chr2,24972093,0.0289862506308143,NA,NA
chr3,52455117,0.0292574615519785,NA,NA
chr4,24789911,0.0296115372179465,NA,NA
chr4,2793022,0.0296301163852199,NA,NA
chr12,128267402,0.029821314480001,NA,NA
chr14,95714195,0.0299907314300591,NA,NA
chr16,66873255,0.0300816146242915,NA,NA
chr21,33324476,0.0302602800204716,NA,NA
chr12,121888730,0.0309360168022814,NA,NA
chr11,13962688,0.0310427675638316,NA,NA
chr8,144291590,0.0312522388569388,NA,NA
chr11,131370477,0.0315176769884923,NA,NA
chr12,12350540,0.0325223409972878,NA,NA
chr2,159904748,0.0329542387624784,NA,NA
chr14,34714822,0.0330930653991057,NA,NA
chr11,131370477,0.0336938744030618,NA,NA
chr11,626077,0.0342049695786746,NA,NA
chr6,16238579,0.034445600004475,NA,NA
chr17,7579466,0.0348793697784095,NA,NA
chr1,168729263,0.0348943354162428,NA,NA
chr4,186265944,0.0351664699146995,NA,NA
chr15,88803442,0.0353515917046722,NA,NA
chr2,64453968,0.0354266022150101,NA,NA
chr11,119206275,0.0357560675859383,NA,NA
chr12,57610179,0.0365059383026727,NA,NA
chr1,150765956,0.0365924932610892,NA,NA
chr14,78170372,0.0378086594703814,NA,NA
chr10,1025858,0.0378743204476424,NA,NA
chr15,88256767,0.0380724319553097,NA,NA
chr13,93227317,0.0385414011195635,NA,NA
chr22,50307626,0.0389411237539753,NA,NA
chr11,102875033,0.0396206322758457,NA,NA
chr1,153616985,0.0399704603061493,NA,NA
chr16,57358771,0.0400465737270056,NA,NA
chr3,61251458,0.040239487366134,NA,NA
chr19,11538716,0.0403644308114088,NA,NA
chr1,207321507,0.0407060596174519,NA,NA
chr19,51035229,0.0417138540813517,NA,NA
chr11,116823305,0.0417790537404093,NA,NA
chr2,85418431,0.0417859348262683,NA,NA
chr11,17014442,0.0419858169090349,NA,NA
chr1,11858930,0.0427324342394774,NA,NA
chr14,99971448,0.0428647001386506,NA,NA
chr11,115504956,0.0429897539234366,NA,NA
chr1,42153420,0.0433833875352936,NA,NA
chr19,54313138,0.0436036460541505,NA,NA
chr17,4932296,0.043935475501604,NA,NA
chr6,55327468,0.0440574620566834,NA,NA
chr1,156893697,0.0441448401119668,NA,NA
chr11,102798159,0.0452460273942458,NA,NA
chr1,37765132,0.0455002638963584,NA,NA
chr1,9997205,0.0455002638963584,NA,NA
chr2,127107354,0.0465793197236391,NA,NA
chr1,219173961,0.0473151822658694,NA,NA
chr4,154612966,0.0477972445363317,NA,NA
chr14,94578705,0.0480442861931358,NA,NA
chr16,78099412,0.048206981943452,NA,NA
chr6,159969098,0.04821995274144,NA,NA
chr17,45148501,0.0482681480094495,NA,NA
chr1,1780456,0.0484405801710671,NA,NA
chr5,149141482,0.0487062812583275,NA,NA
chr10,52771699,0.0499964344018054,NA,NA
chr19,54906149,0.0500664339574134,NA,NA
chr1,9234774,0.0500746631517438,NA,NA
chr9,128128461,0.0500912804442534,NA,NA
chr1,62597486,0.051430937192194,NA,NA
chr4,99157791,0.0514905811821035,NA,NA
chr12,55973316,0.0521335914236681,NA,NA
chr11,46380755,0.0522368760834802,NA,NA
chr2,101991843,0.0531224665664583,NA,NA
chr17,31297410,0.0539456505622508,NA,NA
chr12,40692441,0.0542816956786521,NA,NA
chr15,77820899,0.0547250725205242,NA,NA
chr5,40909251,0.0563457790850824,NA,NA
chr1,43337848,0.056358023128272,NA,NA
chr4,39528017,0.0581272742106314,NA,NA
chr2,112482153,0.0585053863133038,NA,NA
chr6,31815463,0.0586744205731957,NA,NA
chr10,5035353,0.0587383764818996,NA,NA
chr3,33798351,0.0599783968033708,NA,NA
chr4,102501328,0.0607927235305228,NA,NA
chr6,70303082,0.0607927235305228,NA,NA
chr22,19144683,0.0607927235305228,NA,NA
chr11,7677221,0.0610821067998644,NA,NA
chr10,46046268,0.0612349880287152,NA,NA
chr17,14301082,0.0612349880287152,NA,NA
chr21,33402895,0.0617034048770949,NA,NA
chr10,33336261,0.061703404877095,NA,NA
chr9,33167355,0.0619481514134812,NA,NA
chr1,174999162,0.0629351845444771,NA,NA
chr16,72094395,0.0630051811899095,NA,NA
chr16,81779257,0.0632321666435546,NA,NA
chr19,8981341,0.0632908322333453,NA,NA
chr9,135075421,0.0632908322333453,NA,NA
chr19,5851473,0.0633593840759843,NA,NA
chr10,44386492,0.0637880272576482,NA,NA
chr3,113211002,0.0641603708840794,NA,NA
chr5,38845857,0.0646172731879017,NA,NA
chr20,1329238,0.0648698702799591,NA,NA
chr14,85530143,0.0651944547726621,NA,NA
chr16,4242079,0.0660863042116771,NA,NA
chr1,12167038,0.0679644099899552,NA,NA
chr1,169764704,0.0680010293396448,NA,NA
chr8,66712417,0.0680813370000666,NA,NA
chr19,49361782,0.0682232466455102,NA,NA
chr13,27450590,0.0685417353279967,NA,NA
chr18,31102414,0.0697057229715789,NA,NA
chr11,35618418,0.0701701422784365,NA,NA
chr2,62673850,0.0702423294450998,NA,NA
chr15,40844017,0.0710937675034676,NA,NA
chr13,67230444,0.0712695637058061,NA,NA
chr14,104724185,0.0713466933896057,NA,NA
chr20,23689039,0.0713877182315702,NA,NA
chr10,70888783,0.0717938637623994,NA,NA
chr19,54257300,0.0717983106627969,NA,NA
NA,NA,0.0719057925041979,NA,NA
chr13,113105787,0.0735136348314664,NA,NA
chr11,75351704,0.0741455311114069,NA,NA
chr17,7627875,0.0743350672895464,NA,NA
chr1,161505429,0.0751206474912785,NA,NA
chr20,38260148,0.0764880302269421,NA,NA
chr2,102355928,0.0774398734723643,NA,NA
chr12,55842965,0.0776316060173139,NA,NA
chr19,11435287,0.0782604822073619,NA,NA
chr11,122655674,0.0784349788304091,NA,NA
chr4,83335152,0.0787654215309082,NA,NA
chr17,41836262,0.0788451268953216,NA,NA
chr20,45254563,0.0790717515281698,NA,NA
chr6,43229483,0.0795871742256823,NA,NA
chr2,102311501,0.0806873707262441,NA,NA
chr17,66302635,0.0809678048409095,NA,NA
chr3,57170305,0.0812031086589296,NA,NA
chr13,37598843,0.0812306530208798,NA,NA
chr9,86100172,0.0821383933568847,NA,NA
chr7,101127088,0.0824150447448035,NA,NA
chr2,120346142,0.0824150447448035,NA,NA
chr8,60281411,0.082851567898488,NA,NA
chr3,119468937,0.0833432959836506,NA,NA
chr17,27629797,0.0837792702905663,NA,NA
chr4,56821741,0.0838791528034287,NA,NA
chr3,45026182,0.0840059162640711,NA,NA
chr9,121050275,0.0841186947979135,NA,NA
chr1,1232264,0.0845927882684728,NA,NA
chr11,72114868,0.0848154459286372,NA,NA
chr19,676364,0.0853708412527866,NA,NA
chr2,79025685,0.0857466077035953,NA,NA
chr16,75218999,0.086093301596533,NA,NA
chr5,83721612,0.0864762654936656,NA,NA
chr17,50546305,0.0868340070628166,NA,NA
chr14,67619797,0.0869216593688417,NA,NA
chr10,79982613,0.0874654539625897,NA,NA
chr15,40780566,0.0876202732096329,NA,NA
chr7,130293133,0.0907176479936776,NA,NA
chr1,206023908,0.0913514126969852,NA,NA
NA,NA,0.0922697703378474,NA,NA
chr9,111599854,0.0924928813193624,NA,NA
chr16,396724,0.0937884924283343,NA,NA
chr19,15498955,0.0938389868147494,NA,NA
chr6,33192498,0.0939342316614916,NA,NA
chr1,37947056,0.0941313222200202,NA,NA
chr1,179229683,0.0955807045456294,NA,NA
chr1,160739056,0.0990717621426251,NA,NA
chr1,117367448,0.100363776450052,NA,NA
chr4,182917935,0.100633315583104,NA,NA
chr17,4948091,0.100792092707838,NA,NA
chr20,56412111,0.101141582696809,NA,NA
chr14,52791667,0.101176765171631,NA,NA
chr1,160711850,0.101845428551286,NA,NA
chr18,63970181,0.102788515360289,NA,NA
chr3,187292021,0.103765630201192,NA,NA
chr3,98732235,0.104215090682743,NA,NA
chr6,170306564,0.10488439018766,NA,NA
chr19,44905753,0.105387151732537,NA,NA
chr3,133745955,0.106227429780004,NA,NA
chr1,54623555,0.106872578711548,NA,NA
chr12,43758943,0.107811503736853,NA,NA
chr17,17303334,0.108260594348094,NA,NA
chr1,162790701,0.109598583399116,NA,NA
chr16,71525232,0.109598583399116,NA,NA
chr14,94479688,0.111753355527006,NA,NA
NA,NA,0.111892613850622,NA,NA
chr6,31795952,0.111995902497665,NA,NA
chr2,24049700,0.113109461760163,NA,NA
chr8,102239117,0.114364984296821,NA,NA
chr15,41557674,0.115256444552306,NA,NA
chr11,102780627,0.115306752134082,NA,NA
chr3,122384175,0.116734772215321,NA,NA
chr6,35297851,0.117042788229434,NA,NA
chr5,81233284,0.117131256952736,NA,NA
chr19,10289980,0.118053955867056,NA,NA
chr1,15456727,0.118170245865335,NA,NA
chr19,851013,0.11849465497955,NA,NA
chr16,84294645,0.120492636110036,NA,NA
chr7,12570848,0.121377006613853,NA,NA
chr12,9116228,0.121590195379725,NA,NA
chr1,53328069,0.122019155918062,NA,NA
chr12,113422236,0.122855268529607,NA,NA
chr7,33904910,0.122990389533974,NA,NA
chr16,70346828,0.123273842437994,NA,NA
chr16,70289662,0.123273842437994,NA,NA
chr1,171652682,0.12343934080536,NA,NA
chr10,50248609,0.124605040875014,NA,NA
chr3,120451252,0.126146087877163,NA,NA
chr21,45981736,0.128551808785447,NA,NA
chr16,30424532,0.129486728502174,NA,NA
chr6,168441150,0.129626641421649,NA,NA
chr10,123008978,0.129854257938589,NA,NA
chr14,77320884,0.13131343836268,NA,NA
chr7,45921873,0.132226791159624,NA,NA
chr20,45308528,0.132276745172106,NA,NA
chr8,41309496,0.132936311978421,NA,NA
chr12,57132138,0.133614402537716,NA,NA
chr1,5991465,0.133614402537716,NA,NA
chr17,45160699,0.133614402537716,NA,NA
chr13,76990659,0.133738241260669,NA,NA
chr20,3707127,0.134225287312626,NA,NA
chr5,142013040,0.136172687217295,NA,NA
chr7,75899199,0.136769919759613,NA,NA
chr2,53970840,0.136939007270052,NA,NA
chr19,54572919,0.138138553626745,NA,NA
chr2,162245150,0.138539966872482,NA,NA
chr9,133532163,0.13960254556174,NA,NA
chr1,12167038,0.139652490054627,NA,NA
chr8,88328024,0.140212543422446,NA,NA
chr9,129111188,0.140566636048714,NA,NA
chr10,52314295,0.14096087839135,NA,NA
chr22,42721297,0.141402507486613,NA,NA
chr2,74833987,0.143353956720821,NA,NA
NA,NA,0.143867728481615,NA,NA
chr7,2242221,0.144264269777731,NA,NA
chr20,56005471,0.144767416858102,NA,NA
chr19,51020174,0.145216281893538,NA,NA
chr2,229714557,0.145827986152459,NA,NA
chr12,118136026,0.146108245364511,NA,NA
chr2,102064543,0.146395709561813,NA,NA
chr12,20369244,0.147058519219297,NA,NA
chr3,105366908,0.147105577411581,NA,NA
chr4,7434972,0.147549195877506,NA,NA
chr3,38137241,0.148272846070506,NA,NA
chr17,56593698,0.148604171262989,NA,NA
chr16,31135761,0.149060718104777,NA,NA
chr11,112961246,0.149199137214813,NA,NA
chr4,156971393,0.149867399068654,NA,NA
chr2,190320044,0.149925884476673,NA,NA
chr1,206684943,0.15014361244682,NA,NA
chr19,48811028,0.150795452164336,NA,NA
chr21,26171127,0.152020102288261,NA,NA
chr8,17910364,0.152856000173727,NA,NA
chr5,177351851,0.152877981050232,NA,NA
chr22,20283245,0.15302545503948,NA,NA
chr2,65130105,0.154870937132495,NA,NA
chr11,117199320,0.157642940610696,NA,NA
chr19,708938,0.158102170049329,NA,NA
chr4,1208961,0.158463984539009,NA,NA
chr3,158732695,0.158986449324534,NA,NA
chr18,10454627,0.159900760298068,NA,NA
chr14,92923079,0.160475240676868,NA,NA
chr10,17228258,0.161416931747629,NA,NA
chr14,100725704,0.161938201119913,NA,NA
chr10,89327893,0.162910671655886,NA,NA
chr16,1794970,0.163370766294924,NA,NA
chr18,31498042,0.164040004593342,NA,NA
chr13,33016432,0.164133155957093,NA,NA
chr18,31684722,0.164851340137125,NA,NA
chr9,34651035,0.16554342937877,NA,NA
chr19,54339149,0.165601802079407,NA,NA
chr1,160885169,0.166170104682876,NA,NA
chr6,122789048,0.166170104682876,NA,NA
chr11,102727049,0.167016656804984,NA,NA
chr4,158723395,0.16727382165623,NA,NA
chr17,82098331,0.168086495435629,NA,NA
chr1,11926427,0.168086495435629,NA,NA
chr10,124093606,0.168271909075758,NA,NA
chr13,46105075,0.168330314182206,NA,NA
chr12,7503892,0.169789233493013,NA,NA
chr9,17906562,0.170266828619924,NA,NA
chr14,31457509,0.171031325059493,NA,NA
chr13,25288008,0.17151658555805,NA,NA
chr19,10289980,0.172084481285395,NA,NA
chr19,51028038,0.173540442738842,NA,NA
chr2,135985876,0.17382992389417,NA,NA
chr14,20955451,0.174154713977403,NA,NA
chr11,74731384,0.174187864681058,NA,NA
chr18,27185316,0.176066885629609,NA,NA
chr2,69437627,0.177457815027674,NA,NA
chr5,78986086,0.177830464026152,NA,NA
chr10,7666997,0.177952589078195,NA,NA
chr2,68320050,0.178010300335244,NA,NA
chr12,103841196,0.178512664771275,NA,NA
chr17,74546142,0.178804710003345,NA,NA
chr3,112649529,0.179561867612366,NA,NA
chr2,128318576,0.179891601310626,NA,NA
chr7,132648687,0.180107039640696,NA,NA
chr1,65525688,0.181531095831035,NA,NA
chr20,1620060,0.181825654761448,NA,NA
chr5,150113371,0.183569364755599,NA,NA
chr11,59845500,0.183735388753157,NA,NA
chr3,165837471,0.183838870488314,NA,NA
chr6,46080394,0.184178106914762,NA,NA
chr1,160796073,0.184810896060643,NA,NA
chr1,156641389,0.184978392077357,NA,NA
chr5,38606305,0.18517115131359,NA,NA
chr7,50565456,0.185457240176597,NA,NA
chr6,31592984,0.185659381979118,NA,NA
chr6,160702237,0.185975643361555,NA,NA
chr6,170553340,0.186835017986944,NA,NA
chr8,55879812,0.187119325775177,NA,NA
chr20,41136959,0.187814099110261,NA,NA
chr11,70270699,0.187814099110261,NA,NA
chr12,6451718,0.187814099110261,NA,NA
chr6,43076267,0.188572147228323,NA,NA
chr1,196943771,0.189159117543834,NA,NA
chr4,3532558,0.18986600399785,NA,NA
chr1,203186748,0.189977542595894,NA,NA
NA,NA,0.190503558311904,NA,NA
chr7,83649009,0.191628115397093,NA,NA
chr22,26169473,0.192302646043489,NA,NA
chr2,71130238,0.193600969171221,NA,NA
chr19,51065113,0.193869096039944,NA,NA
chr1,147670495,0.195145626402677,NA,NA
chr7,79453573,0.195483042575312,NA,NA
chr1,77979174,0.196082352889714,NA,NA
chr2,216082954,0.196845448073417,NA,NA
chr22,29073077,0.197129557297797,NA,NA
chr14,91947986,0.197233459347633,NA,NA
chr9,133209249,0.197436717400971,NA,NA
chr1,153567889,0.197970120919112,NA,NA
chr8,61714639,0.198269524129671,NA,NA
chr6,132513197,0.198542793686662,NA,NA
chr4,25160441,0.199110148550929,NA,NA
chr14,94293270,0.201178915203651,NA,NA
chr19,54738514,0.201249151674989,NA,NA
chr20,38346355,0.203055868113248,NA,NA
chr16,75566350,0.203114836343131,NA,NA
chr2,142877497,0.204121449561557,NA,NA
chr1,103616810,0.204316538720781,NA,NA
chr5,9546074,0.204408053375655,NA,NA
chr16,2830168,0.204563526306674,NA,NA
chr6,31494880,0.205274503664272,NA,NA
chr1,160098942,0.205274503664272,NA,NA
chr16,1351922,0.205976780516934,NA,NA
chr10,98030827,0.206093342504556,NA,NA
chr8,21812356,0.20621165359905,NA,NA
chr19,3063106,0.206983058311127,NA,NA
chr20,1002263,0.207052004732961,NA,NA
chr10,1049169,0.208056132815509,NA,NA
chr17,64130818,0.20918343139104,NA,NA
NA,NA,0.21129954733371,NA,NA
chr21,45405136,0.212617759953001,NA,NA
chr1,169711697,0.213157373682859,NA,NA
chr3,2098812,0.213832419272284,NA,NA
chr12,42144878,0.216133532744826,NA,NA
chr8,63039170,0.217590555940447,NA,NA
chr19,51645544,0.21770850128522,NA,NA
chr22,37582615,0.219430273872755,NA,NA
chr4,73853188,0.220575220505702,NA,NA
chr10,71212569,0.22112980236164,NA,NA
chr11,14364505,0.222464874895669,NA,NA
chr7,116672389,0.222649850078507,NA,NA
chr19,10416772,0.224260164525384,NA,NA
chr9,100473112,0.225321042591885,NA,NA
chr12,129903665,0.226076999133729,NA,NA
chr22,36253009,0.226569119451667,NA,NA
chr1,236065161,0.2277540318381,NA,NA
chr17,58218547,0.228378824513482,NA,NA
chr3,79767814,0.228558028316351,NA,NA
chr5,34043831,0.228704120246932,NA,NA
chr6,36127808,0.230139340443416,NA,NA
chr21,40847138,0.23172969721786,NA,NA
chr3,186717422,0.232304160207264,NA,NA
chr1,39692181,0.234040100981256,NA,NA
chr12,6700799,0.234565910803328,NA,NA
chr12,6700799,0.234565910803328,NA,NA
chr13,113122813,0.235108532241343,NA,NA
chr16,630931,0.235603931976013,NA,NA
NA,NA,0.236169551417458,NA,NA
chr11,66593083,0.236329736314398,NA,NA
chr2,264392,0.236329736314398,NA,NA
chr3,187368331,0.236329736314398,NA,NA
chr2,77593318,0.238356575867,NA,NA
chr12,47079950,0.239994715798025,NA,NA
chr17,68601388,0.240290879324395,NA,NA
chr2,3517746,0.240429857397095,NA,NA
chr1,182392205,0.240811976253314,NA,NA
chr8,7056733,0.24300338646666,NA,NA
chr4,103099882,0.243345009148762,NA,NA
chr4,5019471,0.244443889698398,NA,NA
chr14,105743070,0.246284910264333,NA,NA
chr17,62627590,0.246546417374372,NA,NA
chr20,35664758,0.246846534442222,NA,NA
chr5,147831785,0.246906995624742,NA,NA
chr21,32412041,0.248563248217182,NA,NA
chr7,73683452,0.248965289982326,NA,NA
chr4,122826707,0.250143871274301,NA,NA
chr3,126988593,0.250143871274301,NA,NA
chr22,30607083,0.250460641981252,NA,NA
chr9,136245840,0.25053697417324,NA,NA
chr20,41366826,0.254549057594851,NA,NA
chr19,49867908,0.255155877851505,NA,NA
chr12,62260337,0.255725663655276,NA,NA
NA,NA,0.256318702201653,NA,NA
chr4,57110384,0.25707429868483,NA,NA
chr3,123067061,0.257811495146286,NA,NA
chr6,106629486,0.257811495146286,NA,NA
chr8,104589023,0.257811495146286,NA,NA
chr16,84819983,0.260537903639402,NA,NA
chr11,57597386,0.263119824546096,NA,NA
chr13,24307165,0.263119824546096,NA,NA
chr9,96450200,0.263717761833697,NA,NA
NA,NA,0.264136875256031,NA,NA
chr1,153375648,0.264377796885805,NA,NA
chr17,78980108,0.26608385817838,NA,NA
chr9,129028302,0.267815129705963,NA,NA
chr1,192158456,0.267815129705963,NA,NA
chr12,94148722,0.269073093912072,NA,NA
chr11,30586871,0.269520846341707,NA,NA
chr10,95711778,0.270216506507971,NA,NA
chr12,125186835,0.270701169594748,NA,NA
chr11,125833315,0.271332121892765,NA,NA
chr5,135895826,0.272396241223776,NA,NA
chr7,150824626,0.272462897080194,NA,NA
chr12,52520686,0.274383589146105,NA,NA
chr15,66386816,0.274448022362301,NA,NA
chr5,181040224,0.274641078489795,NA,NA
NA,NA,0.274946026735431,NA,NA
chr13,36131305,0.275312886521963,NA,NA
chr2,106194338,0.276815898570194,NA,NA
chr14,20803277,0.277941490169215,NA,NA
chr12,69359702,0.278660494899244,NA,NA
chr22,37175053,0.279661048232695,NA,NA
chr4,152779936,0.279661048232695,NA,NA
chr15,80152489,0.280590989071427,NA,NA
chr4,89838259,0.280611190843872,NA,NA
chr11,18527231,0.280611190843872,NA,NA
chr7,116222803,0.280782967748922,NA,NA
chr1,156705815,0.281514632510023,NA,NA
chr20,1657778,0.281514632510023,NA,NA
chr11,1764572,0.281631146125794,NA,NA
chr2,120240063,0.282374728330258,NA,NA
chr3,46485233,0.282828440727977,NA,NA
chr20,44885675,0.283194520050281,NA,NA
chr1,193106113,0.28337837752332,NA,NA
chr7,44044639,0.284724000775703,NA,NA
chr1,155301433,0.284987492234417,NA,NA
chr11,67583594,0.285472507321085,NA,NA
chr11,124694301,0.288008758003942,NA,NA
chr19,51646800,0.288564807856966,NA,NA
chr9,5510569,0.289239352750451,NA,NA
chr1,103561756,0.289827446656742,NA,NA
chr19,18374730,0.289877906353043,NA,NA
chr20,45515623,0.291171315245308,NA,NA
chr15,64072032,0.292509878183886,NA,NA
chr17,34270220,0.2927773404109,NA,NA
chr6,46170970,0.292892182089213,NA,NA
chr20,36746077,0.293210140076082,NA,NA
chr1,207454229,0.293293736638119,NA,NA
chr15,57591940,0.293718112751792,NA,NA
chr12,7751604,0.294727808747574,NA,NA
chr3,71785205,0.295112657367514,NA,NA
chr12,27972704,0.295324879212805,NA,NA
chr9,121207793,0.296279809953937,NA,NA
chr11,14904996,0.296430962196761,NA,NA
chr1,91906334,0.296726844041481,NA,NA
chr2,71064343,0.296749286624319,NA,NA
chr12,93677374,0.297960801234778,NA,NA
chr9,121050275,0.298018565253679,NA,NA
chr8,6878021,0.298945728150471,NA,NA
chr1,196819756,0.299755631646313,NA,NA
chr16,68000585,0.299966220581402,NA,NA
chr19,54281183,0.300342375089602,NA,NA
chr12,12715057,0.300910532935171,NA,NA
chr2,20012693,0.301713968917827,NA,NA
chr16,88663160,0.302217297506894,NA,NA
chr19,43353658,0.302422518587626,NA,NA
chr11,47980557,0.303681109722319,NA,NA
chr3,43106075,0.304407737821377,NA,NA
chr1,157700856,0.304407737821377,NA,NA
chr4,8592659,0.304449041767116,NA,NA
NA,NA,0.305439768411751,NA,NA
chr14,20468953,0.307333408792036,NA,NA
chr19,44809058,0.309526435902987,NA,NA
chr7,65982313,0.310099666989292,NA,NA
chr9,90801786,0.312736952142517,NA,NA
chr14,20891398,0.314738274332226,NA,NA
chr15,84658562,0.317310507862914,NA,NA
chr16,11965106,0.317310507862914,NA,NA
chr17,3893043,0.317310507862914,NA,NA
chr19,48900049,0.321276683146176,NA,NA
chr17,80101555,0.322999589645291,NA,NA
chr10,95291023,0.323806076256496,NA,NA
chr6,118894356,0.323950707407594,NA,NA
chr3,58666847,0.325308999731375,NA,NA
chr18,63586988,0.325726251840178,NA,NA
chr17,82037731,0.326189429199069,NA,NA
chr19,50854914,0.327716664719426,NA,NA
chr7,44999474,0.32818424412387,NA,NA
chr6,43456631,0.328695814040283,NA,NA
chr12,14843494,0.330213359465853,NA,NA
chr17,8039016,0.332367807544004,NA,NA
chr3,117139388,0.333173268958951,NA,NA
chr3,3126612,0.333296248370545,NA,NA
chr22,21642260,0.334692148107316,NA,NA
chr1,196651877,0.334842853475915,NA,NA
chr7,143408891,0.3356198364923,NA,NA
chr9,90801786,0.336659830695543,NA,NA
chr20,1266315,0.336849505002768,NA,NA
chr2,187565759,0.337055214933676,NA,NA
chr3,98593722,0.338158607688069,NA,NA
chr4,113761926,0.33834178200169,NA,NA
chr1,156147365,0.33834178200169,NA,NA
chr20,34194568,0.338619471863935,NA,NA
chr14,94452789,0.338988691340836,NA,NA
chr19,46023064,0.340342684915724,NA,NA
chr1,207496146,0.340759824250919,NA,NA
chr11,207427,0.342603800952308,NA,NA
chr9,92404695,0.342764082783861,NA,NA
chr9,134880811,0.342913743283488,NA,NA
chr1,225941488,0.34345107683441,NA,NA
chr12,14885925,0.34345107683441,NA,NA
chr17,7646626,0.34345107683441,NA,NA
chr2,210002564,0.34345107683441,NA,NA
chr10,17202053,0.344176157124169,NA,NA
chr1,154936990,0.344176157124169,NA,NA
chr6,159762529,0.344176157124169,NA,NA
chr14,24634266,0.345922006241018,NA,NA
chr14,74084492,0.346204904524258,NA,NA
chr5,139390080,0.346869913803908,NA,NA
chr4,184649508,0.346974877022036,NA,NA
chr11,122838499,0.34721830495359,NA,NA
chr12,9208369,0.349185284204879,NA,NA
chr12,6124769,0.34918555711746,NA,NA
chr5,42423776,0.34920280070437,NA,NA
chr5,54993730,0.350354865697678,NA,NA
chr4,54229096,0.350647889704459,NA,NA
chr12,108633958,0.350647889704459,NA,NA
chr18,10525904,0.355967119733731,NA,NA
chr5,135955033,0.35640359793561,NA,NA
chr2,208266073,0.356548765175588,NA,NA
chr22,23980468,0.358252935194424,NA,NA
chr11,108121750,0.35842657968481,NA,NA
chr7,38025694,0.35912565409171,NA,NA
chr20,17226106,0.359301097272856,NA,NA
chr2,108989371,0.359770255340332,NA,NA
chr14,30874542,0.360229129428739,NA,NA
chr5,55994992,0.36162097055701,NA,NA
chr8,27992726,0.361892593456348,NA,NA
chr6,32115262,0.364523327521967,NA,NA
chr4,74794685,0.364701609926075,NA,NA
chr1,241519760,0.365591537564832,NA,NA
chr1,153967712,0.367463615108436,NA,NA
chr5,119268691,0.369163787612797,NA,NA
chr14,94517843,0.370180176395583,NA,NA
chr9,73080441,0.37050790341821,NA,NA
chr11,34915828,0.371526836076512,NA,NA
chr22,17084953,0.372137086790434,NA,NA
chr1,152414262,0.372866632805618,NA,NA
chr5,132257670,0.373130382664481,NA,NA
chr1,150629611,0.374062797490882,NA,NA
chr20,14337615,0.375486566884091,NA,NA
chr8,94217302,0.375851790252699,NA,NA
chr15,32730689,0.378470808066943,NA,NA
chr9,137115176,0.381299287970552,NA,NA
chr15,45402326,0.381573905705021,NA,NA
chr3,54122546,0.382067671691682,NA,NA
chr10,5842131,0.384927835584944,NA,NA
chr2,68365172,0.385163873930437,NA,NA
chr15,81324182,0.386300713990971,NA,NA
chr9,133414357,0.38718671405816,NA,NA
chr4,73869392,0.387296969089722,NA,NA
chr2,68679600,0.387548954409744,NA,NA
chr3,186567402,0.389176850174411,NA,NA
chr20,3208867,0.389204877174487,NA,NA
chr5,180292098,0.391365938307552,NA,NA
chr12,32896839,0.39185476653652,NA,NA
chr15,64094122,0.391964257188402,NA,NA
chr5,149404201,0.393294214421889,NA,NA
chr5,107670894,0.394733896485913,NA,NA
chr2,62196112,0.395399865147216,NA,NA
chr1,52602371,0.395888416964197,NA,NA
chr8,56993843,0.396168007039194,NA,NA
chr7,97731907,0.397026413762859,NA,NA
chr22,35380360,0.400398865140673,NA,NA
chr6,79631282,0.402121784699465,NA,NA
chr14,20781050,0.404215883219148,NA,NA
chr7,87345680,0.406251358410434,NA,NA
chr1,22643629,0.406770427958205,NA,NA
chr4,55125588,0.407157627406894,NA,NA
chr15,69160583,0.407340509094258,NA,NA
chr6,2842005,0.407599712663706,NA,NA
chr9,35646688,0.410630376179832,NA,NA
chr2,10302888,0.410687188546056,NA,NA
chr19,54617157,0.411309512946216,NA,NA
chr16,86555234,0.411759168842412,NA,NA
chr1,203273640,0.412322866662265,NA,NA
chr18,74534439,0.414305059574533,NA,NA
chr4,155953916,0.414313404333337,NA,NA
chr1,93909455,0.414620554697132,NA,NA
chr22,26618087,0.414620554697132,NA,NA
chr1,175743769,0.414620554697132,NA,NA
chr22,38843981,0.414852187798404,NA,NA
chr2,182716040,0.4151783194999,NA,NA
chr6,132763458,0.417062030208089,NA,NA
chr7,49773660,0.417776534867061,NA,NA
chr21,41304211,0.418344908428273,NA,NA
chr17,76376583,0.418355056184454,NA,NA
chr7,2403559,0.418796684420646,NA,NA
chr20,24992978,0.418819638972068,NA,NA
NA,NA,0.419267732920394,NA,NA
chr1,1020122,0.420890056776579,NA,NA
chr17,82334073,0.423574959715738,NA,NA
chr12,48004485,0.423578095547134,NA,NA
chr4,1793306,0.423710797166793,NA,NA
chr16,30199230,0.423987598469218,NA,NA
chr6,149863492,0.425743231131437,NA,NA
chr4,17577191,0.426508383557781,NA,NA
chr6,73695784,0.427020349740367,NA,NA
chr10,5195462,0.428096685369846,NA,NA
chr17,1742835,0.429042409662577,NA,NA
chr19,51124907,0.429835204622545,NA,NA
chr8,42207723,0.43076760985781,NA,NA
chr19,48624132,0.432034892005007,NA,NA
chr1,179025803,0.432679107105506,NA,NA
chr20,33273479,0.432732783727966,NA,NA
chr7,76302543,0.438038238208914,NA,NA
chr7,33062796,0.438339659586755,NA,NA
chr18,74292015,0.439683802605572,NA,NA
chr2,240435670,0.441008215382072,NA,NA
chr3,195271166,0.441275253142184,NA,NA
chr1,168543996,0.442818848069903,NA,NA
chr17,36017967,0.444154245703211,NA,NA
chr2,233692865,0.444798728273931,NA,NA
chr8,65644733,0.445369236139698,NA,NA
chr5,90409785,0.446116847721283,NA,NA
chr17,19387239,0.44667763897183,NA,NA
chr19,6730561,0.448704997513635,NA,NA
chr11,20387529,0.449195604488527,NA,NA
chr10,130136398,0.449195604488527,NA,NA
chr19,3572776,0.450888795034337,NA,NA
chr10,69088105,0.451400094373742,NA,NA
chr10,93601743,0.453254704753736,NA,NA
chr6,137867187,0.453254704753736,NA,NA
chr1,159800511,0.453254704753736,NA,NA
chr15,65423071,0.453444121557785,NA,NA
chr22,23580307,0.453564145554036,NA,NA
chr12,69348340,0.454584057719714,NA,NA
chr3,196082188,0.457124710034358,NA,NA
chr9,33218364,0.459299994329581,NA,NA
chr6,153002684,0.460056807860197,NA,NA
chr8,119673452,0.461218374590665,NA,NA
chr7,2354317,0.462673814332338,NA,NA
chr2,227472187,0.46408137778734,NA,NA
chr9,71816689,0.464347229392465,NA,NA
chr7,146116001,0.465502905173245,NA,NA
chr1,157598079,0.469120316842919,NA,NA
chr4,80125453,0.4700319061343,NA,NA
chr16,15643266,0.470952440870632,NA,NA
chr14,21476972,0.47116289431157,NA,NA
chr14,94561090,0.472626032538493,NA,NA
chr10,116590384,0.473164191544365,NA,NA
chr4,76041414,0.474699854433249,NA,NA
chr6,41286718,0.475928535397692,NA,NA
chr2,160062609,0.476106874551998,NA,NA
chr3,112332840,0.476367194785933,NA,NA
chr20,23826730,0.476556523347333,NA,NA
chr14,24232454,0.477015385176261,NA,NA
chr20,24949229,0.477376951294751,NA,NA
chr4,109802178,0.477377817921635,NA,NA
chr12,9607885,0.477377817921635,NA,NA
chr9,101435822,0.477904197979373,NA,NA
chr19,36114288,0.479226510337726,NA,NA
chr1,75724346,0.479228479264126,NA,NA
chr10,15088775,0.479773648872755,NA,NA
chr1,109741037,0.480250817347964,NA,NA
chr17,36017967,0.48315668659777,NA,NA
chr19,49017080,0.483927304446146,NA,NA
chr5,150485817,0.484167714462575,NA,NA
chr19,48836677,0.485277395580505,NA,NA
chr19,54223505,0.486300113504229,NA,NA
chr22,20858982,0.487783849896448,NA,NA
chr10,92574075,0.488744120386507,NA,NA
chr2,80304748,0.488744120386507,NA,NA
chr22,41589889,0.488744120386507,NA,NA
chr19,51084244,0.489562569541206,NA,NA
chr9,134880811,0.490934434244545,NA,NA
chr1,63774021,0.491767700760523,NA,NA
chr17,75130866,0.492310855321031,NA,NA
chr3,186660215,0.492579521911367,NA,NA
chr19,43670546,0.493452655374051,NA,NA
chr19,50984098,0.493523177070374,NA,NA
chr12,21501668,0.493586656306935,NA,NA
chr6,52803909,0.493842236243828,NA,NA
chr3,194351327,0.494695817979841,NA,NA
NA,NA,0.495803537453605,NA,NA
chr15,75626468,0.496489227313397,NA,NA
chr19,55038263,0.496819083894125,NA,NA
chr4,76011183,0.49898285468633,NA,NA
chr17,50834649,0.499225204467094,NA,NA
chr22,36913627,0.49924658287522,NA,NA
chr16,89613307,0.499410716121208,NA,NA
chr14,35044906,0.500269698450205,NA,NA
chr5,134873802,0.501120813583309,NA,NA
chr11,47186442,0.501663277082109,NA,NA
chr9,94640248,0.502187001328973,NA,NA
chr13,46797231,0.504321026686836,NA,NA
chr9,94593792,0.504985075093846,NA,NA
chr20,45812575,0.504985075093846,NA,NA
chr11,18412306,0.504985075093846,NA,NA
chr6,110358271,0.504985075093846,NA,NA
chr10,13234333,0.50526136669129,NA,NA
chr4,94342875,0.507254018270608,NA,NA
chr10,71851374,0.508213909782474,NA,NA
NA,NA,0.508426146432504,NA,NA
chr1,19289249,0.510192268801616,NA,NA
chr19,58353498,0.510193396248432,NA,NA
chr12,91111830,0.510338479004994,NA,NA
chr7,100602176,0.510605772861378,NA,NA
chr3,51983409,0.510696210268274,NA,NA
chr13,113122813,0.511011121612982,NA,NA
chr14,69259276,0.511245541824703,NA,NA
chr2,240560053,0.511663282695868,NA,NA
chr8,96645226,0.512242230615124,NA,NA
chr21,42366593,0.513254459782142,NA,NA
chr12,8822471,0.51440056548856,NA,NA
chr6,41201193,0.515258859950283,NA,NA
chr1,116571038,0.515773022921917,NA,NA
chr1,161721562,0.516654190125457,NA,NA
chr1,173824502,0.516819269446266,NA,NA
chr19,544033,0.517593873457392,NA,NA
chr22,41800678,0.517593873457392,NA,NA
chr1,151399533,0.518387298084664,NA,NA
chr6,2993930,0.519039668682991,NA,NA
chr9,86100172,0.519531471756493,NA,NA
chr18,9334766,0.5196913885588,NA,NA
chr17,74466415,0.520868379615549,NA,NA
chr16,401825,0.521118884376023,NA,NA
chr22,26596716,0.521254282936341,NA,NA
chr3,186612922,0.52441186725545,NA,NA
chr9,75088216,0.525030143134648,NA,NA
chr10,119178832,0.525985322047422,NA,NA
chr17,4143167,0.527152694055553,NA,NA
chr16,2858169,0.527374640939863,NA,NA
chr19,32675198,0.527662046790784,NA,NA
NA,NA,0.529030843382441,NA,NA
chr19,50723328,0.529707285025618,NA,NA
chr18,9708164,0.530065466255993,NA,NA
chr20,23751267,0.531560390119668,NA,NA
chr1,85277089,0.531971058097401,NA,NA
chr12,50103818,0.531971058097401,NA,NA
chr10,70233910,0.533459905173037,NA,NA
chr14,49620794,0.53419070026645,NA,NA
chr11,66011840,0.534920216045574,NA,NA
chr21,46098096,0.535226527772544,NA,NA
chr1,157898255,0.538291685917781,NA,NA
chr19,51501788,0.538300749018723,NA,NA
chr17,35880792,0.540375740228835,NA,NA
chr1,153460700,0.540693444150932,NA,NA
chr19,38832004,0.544144693769952,NA,NA
chr14,94612376,0.544480617416459,NA,NA
chr8,97868839,0.544520139152779,NA,NA
chr6,137173647,0.544521083462628,NA,NA
chr1,183186237,0.545084644880253,NA,NA
chr6,105403083,0.546681849454599,NA,NA
chr1,161631962,0.548506235500147,NA,NA
chr8,119416305,0.548506235500147,NA,NA
chr3,190514050,0.548809316781813,NA,NA
chr19,40348527,0.551072455236834,NA,NA
chr19,51002710,0.551130024933262,NA,NA
chr10,30374447,0.551684329116147,NA,NA
chr16,1827194,0.553959921746379,NA,NA
chr7,81770437,0.554152435715083,NA,NA
chr20,63696667,0.555362566713577,NA,NA
chr17,18363562,0.556045705639629,NA,NA
chr5,95555073,0.559464417215489,NA,NA
chr19,47886396,0.561914617797129,NA,NA
chr1,27635276,0.562519006937009,NA,NA
chr9,114930594,0.562624686915214,NA,NA
chr16,2009925,0.565651091313294,NA,NA
chr7,98617296,0.567709166197353,NA,NA
chr9,73151756,0.568750630287333,NA,NA
chr3,113828181,0.569691338085551,NA,NA
chr3,148791101,0.569911515965334,NA,NA
chr2,210477651,0.570328634657464,NA,NA
chr2,237966826,0.570328634657464,NA,NA
chr2,119366920,0.570332358744783,NA,NA
chr15,51681352,0.570540715419295,NA,NA
chr11,62622174,0.571925908937657,NA,NA
NA,NA,0.572511580701837,NA,NA
chr4,167234795,0.572957591116369,NA,NA
chr4,99291027,0.573001633864393,NA,NA
chr6,41163185,0.575762202767021,NA,NA
chr8,35235456,0.575788826671072,NA,NA
chr1,161038989,0.576702432096126,NA,NA
chr22,50601454,0.576749105845063,NA,NA
chr9,136945245,0.577897549610588,NA,NA
chr4,186069151,0.578264933269778,NA,NA
chr4,73982123,0.578514721507944,NA,NA
chr11,20363684,0.578514721507944,NA,NA
NA,NA,0.580515713596355,NA,NA
chr8,118952199,0.582319373576693,NA,NA
chr6,4135596,0.582319373576693,NA,NA
chr8,86514356,0.582319373576693,NA,NA
chr1,156766924,0.58395350774479,NA,NA
chr16,1240695,0.584486126827231,NA,NA
chr6,26440471,0.58582418078137,NA,NA
chr3,139539828,0.588048156696901,NA,NA
chr7,143132076,0.588297030821827,NA,NA
chr12,103930211,0.588544256262434,NA,NA
chr4,87799580,0.588824310631658,NA,NA
chr10,80205571,0.588824310631658,NA,NA
chr6,169254043,0.589443244115849,NA,NA
chr10,88761405,0.589653644070874,NA,NA
chr18,500721,0.591554054889021,NA,NA
chr4,121697112,0.593718264776376,NA,NA
chr5,136028894,0.594574889781691,NA,NA
chr3,112975121,0.59457883109578,NA,NA
chr7,88226992,0.594784941477696,NA,NA
chr1,156893697,0.595245548732816,NA,NA
chr10,104235355,0.598668814257765,NA,NA
chr21,41420303,0.599844460290517,NA,NA
chr9,133061977,0.600161287347969,NA,NA
chr6,31897784,0.600584463186258,NA,NA
chr5,83077497,0.604557945714291,NA,NA
chr13,96090838,0.604987669676503,NA,NA
chr1,9824525,0.605474726784579,NA,NA
chr2,151357591,0.60693409294835,NA,NA
NA,NA,0.608076879465923,NA,NA
chr18,63476760,0.608076879465923,NA,NA
chr1,156766924,0.608076879465923,NA,NA
chr17,28577263,0.609273256070766,NA,NA
chr16,4495762,0.60957050898358,NA,NA
chr2,233760247,0.610688503698495,NA,NA
chr1,19980415,0.613521231261999,NA,NA
chr21,20998314,0.614623609238657,NA,NA
chr19,50723328,0.615022789196726,NA,NA
chr7,48088627,0.617075077451974,NA,NA
chr17,79730918,0.617075077451974,NA,NA
chr5,148025682,0.617075077451974,NA,NA
chr6,36875023,0.620194138657218,NA,NA
chr9,114078471,0.621694988322517,NA,NA
chr17,7404873,0.62250184302538,NA,NA
chr22,23768442,0.622858418505673,NA,NA
chr19,48646311,0.623733412091711,NA,NA
chr12,7109272,0.623743363247728,NA,NA
chr1,207104261,0.624920362458645,NA,NA
chr8,85220586,0.626223813950543,NA,NA
chr16,30123505,0.62808513320808,NA,NA
chr1,107140006,0.628992026367237,NA,NA
chr15,45023103,0.63117360581036,NA,NA
chr1,116910056,0.633084176513238,NA,NA
chr12,104455294,0.633159544919269,NA,NA
chr11,1389898,0.633938683881346,NA,NA
chr9,5450502,0.633974931404426,NA,NA
chr1,146036745,0.635089022632529,NA,NA
chr9,36136535,0.636202157473147,NA,NA
chr2,79159752,0.638838968920061,NA,NA
chr17,34319035,0.639055339239239,NA,NA
chr1,169630192,0.640738381802541,NA,NA
chr11,102530752,0.641160480819618,NA,NA
chr21,36070949,0.641848188772075,NA,NA
chr17,36002037,0.642813889141328,NA,NA
NA,NA,0.643774606181883,NA,NA
chr22,37486400,0.64403186474734,NA,NA
chr6,47309904,0.644412333769812,NA,NA
chr21,26966512,0.645192457337586,NA,NA
chr1,112707433,0.64528837029016,NA,NA
chr12,65121565,0.645904258226149,NA,NA
chr5,159263080,0.646279265453602,NA,NA
chr5,103562792,0.646418064710894,NA,NA
chr1,63593275,0.6467129796159,NA,NA
chr14,55124109,0.646975260344556,NA,NA
chr20,32207879,0.647073628566306,NA,NA
chr15,40405794,0.647861248582631,NA,NA
NA,NA,0.649986729509562,NA,NA
chr17,48830987,0.652003680990715,NA,NA
chr2,36696689,0.652350468802984,NA,NA
chr19,840959,0.652992447154648,NA,NA
chr5,55024252,0.654609072682014,NA,NA
chr7,134459251,0.655162493370095,NA,NA
NA,NA,0.655274336475009,NA,NA
chr2,70257385,0.656006274671304,NA,NA
chr1,225941488,0.656384714656467,NA,NA
chr1,37634922,0.65662789117202,NA,NA
chr17,36090140,0.656911827996708,NA,NA
chr5,177600099,0.659365414760699,NA,NA
chr20,23879749,0.659794196913163,NA,NA
chr8,85379013,0.660439567604921,NA,NA
chr2,42048019,0.661006048598706,NA,NA
chr22,50525605,0.661748776081758,NA,NA
chr1,1001137,0.661816447194297,NA,NA
chr16,2214806,0.662836465040056,NA,NA
chr5,180591539,0.662911145572604,NA,NA
chr9,32526323,0.663098973833496,NA,NA
chr5,94111698,0.663211243844987,NA,NA
chr10,114239329,0.665657742909476,NA,NA
chr17,35986532,0.665659265026236,NA,NA
chr12,117099478,0.666360485198298,NA,NA
chr6,43770212,0.666444330548732,NA,NA
chr5,133612563,0.668270610674488,NA,NA
chr1,235367359,0.668333146404435,NA,NA
chr1,161550736,0.669877274380303,NA,NA
chr19,8052766,0.67051276895847,NA,NA
chr14,23567687,0.671548443645473,NA,NA
chr22,17221988,0.67202195764378,NA,NA
chr5,129094750,0.672239138726747,NA,NA
chr6,43770212,0.673493658803548,NA,NA
chr1,231425043,0.673716649749524,NA,NA
chr1,204828650,0.675696500538715,NA,NA
chr19,35742452,0.675992969798194,NA,NA
chr9,34710123,0.67840974731987,NA,NA
chr5,151212149,0.680083020623636,NA,NA
chr4,71804040,0.681617864273084,NA,NA
chr2,88128115,0.681617864273084,NA,NA
chr22,39077004,0.681617864273084,NA,NA
chr16,66552543,0.682472947499482,NA,NA
chr6,3118373,0.682648484669582,NA,NA
chr17,36064279,0.6830874564542,NA,NA
chr20,18587892,0.685179538328076,NA,NA
NA,NA,0.685179538328076,NA,NA
chr1,196850240,0.685488623897369,NA,NA
chr7,142760397,0.687071802279526,NA,NA
chr7,23235966,0.687946739863387,NA,NA
chr2,24085860,0.688120295282051,NA,NA
chr9,136849090,0.688628746451159,NA,NA
chr3,15601340,0.688850331405938,NA,NA
chr13,23570369,0.689156516779352,NA,NA
chr18,34976927,0.693037110067263,NA,NA
chr5,39371289,0.6931544707996,NA,NA
chr10,14838574,0.694627941696662,NA,NA
chr3,134597800,0.696638874223777,NA,NA
chr19,43465659,0.696868499510119,NA,NA
chr16,5034140,0.698197274266264,NA,NA
chr5,271620,0.70173553985783,NA,NA
chr16,1826939,0.703614163687121,NA,NA
chr13,46211870,0.705149527894255,NA,NA
chr1,157820104,0.705149527894255,NA,NA
chr4,99816832,0.705149527894255,NA,NA
chr3,51385046,0.70590721025271,NA,NA
chr1,153310717,0.707660466654553,NA,NA
chr5,123036740,0.708001006839231,NA,NA
chr20,3471039,0.708887659768573,NA,NA
chr4,73836496,0.709464567408808,NA,NA
chr22,50261824,0.709690177382328,NA,NA
chr17,1645746,0.710846211566595,NA,NA
chr5,157731196,0.71255930200628,NA,NA
chr2,85668740,0.714114024408179,NA,NA
chr2,74147993,0.71444555938208,NA,NA
chr17,81961839,0.716129568855565,NA,NA
chr2,86808395,0.717450790273047,NA,NA
chr10,6088986,0.717574636922466,NA,NA
chr9,134917962,0.722149424549255,NA,NA
chr15,81159574,0.722930145576965,NA,NA
chr19,17511889,0.723454182492006,NA,NA
chr7,45888356,0.724132540388919,NA,NA
chr4,87975649,0.724949369674133,NA,NA
chr2,1744851,0.725324774655607,NA,NA
chr19,40771647,0.726519203041601,NA,NA
chr10,69123511,0.727970796961297,NA,NA
chr9,78297142,0.727970796961297,NA,NA
chr11,6474458,0.728637315121037,NA,NA
chr4,99946725,0.729227098416628,NA,NA
chr1,167553766,0.729262052763587,NA,NA
chr8,133571939,0.732271676747657,NA,NA
chr17,44345085,0.732754742460857,NA,NA
chr11,41459772,0.732754742460857,NA,NA
chr6,70667775,0.733759881931615,NA,NA
chr21,41304211,0.735311485673043,NA,NA
chr2,174248697,0.735341960129593,NA,NA
chr1,101997029,0.735385267868056,NA,NA
chr4,70028412,0.735485394111986,NA,NA
chr17,42536171,0.735546066729717,NA,NA
chr1,235327487,0.738882680363527,NA,NA
chr18,54270028,0.73987468333203,NA,NA
chr16,8788822,0.741297562656419,NA,NA
chr5,75512063,0.742640837213341,NA,NA
chr5,75512063,0.742640837213341,NA,NA
chr4,87422581,0.743726066434849,NA,NA
chr6,149863492,0.745061590995881,NA,NA
chr5,151758778,0.745692505957826,NA,NA
chr3,165197108,0.747885634053571,NA,NA
chr5,38258408,0.750347023651697,NA,NA
chr17,50094736,0.752162308378054,NA,NA
chr9,92482505,0.753186858845532,NA,NA
chr11,57381149,0.755439233900121,NA,NA
chr15,75579288,0.756923103409378,NA,NA
chr9,89498129,0.757455769557939,NA,NA
chr5,52989325,0.75831647352629,NA,NA
chr19,18791313,0.759167643763991,NA,NA
chr3,113828181,0.759425965825566,NA,NA
chr19,6730561,0.761371055703693,NA,NA
chr11,62337447,0.762521011905297,NA,NA
chr1,159587824,0.762529255586972,NA,NA
chr2,208124500,0.763027062647395,NA,NA
chr17,3668681,0.766239544861786,NA,NA
chr11,68008577,0.767646670678346,NA,NA
chr6,116158746,0.767979520121558,NA,NA
chr11,114439385,0.768668006560809,NA,NA
chr20,45174875,0.769267377333356,NA,NA
chr16,70289542,0.76963134832227,NA,NA
chr12,7128941,0.769764521126951,NA,NA
chr20,59007246,0.771282550375262,NA,NA
chr4,99088800,0.771816237602245,NA,NA
chr4,99219536,0.771816237602245,NA,NA
chr1,45550542,0.772026256760341,NA,NA
chr10,88990581,0.772218915230022,NA,NA
chr14,23365751,0.772666406770922,NA,NA
chr10,19816238,0.773242947954209,NA,NA
chr7,55019020,0.777525412332981,NA,NA
chr2,232406842,0.778466212526845,NA,NA
chr22,50481555,0.778518657215875,NA,NA
chr4,17512233,0.780191283863633,NA,NA
chr4,73481682,0.78118295086715,NA,NA
chr5,140633700,0.781793898315247,NA,NA
chr7,66075797,0.78331623830721,NA,NA
chr5,95823004,0.785062868547559,NA,NA
chr19,6730561,0.786061429732223,NA,NA
chr19,54242790,0.78668408915698,NA,NA
chr1,19312145,0.786843302391973,NA,NA
chr3,146163652,0.786952335429884,NA,NA
chr4,48269863,0.786952335429884,NA,NA
chr11,20363684,0.786952335429884,NA,NA
chr9,131096475,0.787360831189409,NA,NA
chr4,184221229,0.787432334869027,NA,NA
chr1,89065359,0.788474038011842,NA,NA
chr11,12009768,0.788474038011842,NA,NA
chr10,7703268,0.792180213153917,NA,NA
chr11,43880810,0.792538338117777,NA,NA
chr14,65410591,0.79419309581406,NA,NA
chr11,236430,0.79419309581406,NA,NA
chr2,135837179,0.798094499004888,NA,NA
chr2,237414374,0.798094499004888,NA,NA
chr20,5611025,0.800036106068101,NA,NA
chr4,99435736,0.800258902934615,NA,NA
chr11,924893,0.802587348634153,NA,NA
chr11,33736444,0.802587348634153,NA,NA
chr12,68971569,0.802587348634153,NA,NA
chr15,50424379,0.802587348634153,NA,NA
chr5,148202793,0.805417608206069,NA,NA
chr2,221572357,0.805556760692687,NA,NA
chr17,18258915,0.805865923500014,NA,NA
chr9,135521437,0.806237299196145,NA,NA
chr19,14031747,0.806535441920889,NA,NA
chr1,206946465,0.8078169693465,NA,NA
chr6,43770212,0.8078169693465,NA,NA
chr5,35852694,0.8078169693465,NA,NA
chr14,52069227,0.8078169693465,NA,NA
chr1,74733150,0.808947809742934,NA,NA
chr5,74640022,0.812294007225676,NA,NA
chr1,72282733,0.812779285408195,NA,NA
chr19,55376835,0.812779285408195,NA,NA
chr5,41261437,0.814156121643226,NA,NA
chr9,98943178,0.814573119551542,NA,NA
chr3,139935184,0.815050005459956,NA,NA
chr7,87934142,0.815850538997898,NA,NA
chr9,91950161,0.815991785811857,NA,NA
chr3,194398353,0.816104535888477,NA,NA
chr9,113401332,0.817243730193865,NA,NA
chr11,18394387,0.818133323830907,NA,NA
chr10,17809343,0.819058331979413,NA,NA
chr10,88990581,0.82165440046023,NA,NA
chr2,172555372,0.822649978513835,NA,NA
chr16,2252299,0.824140895741885,NA,NA
chr17,7217715,0.824140895741885,NA,NA
chr10,88879733,0.824330263010868,NA,NA
chr11,18248642,0.82564360616387,NA,NA
chr5,132872321,0.825871154703571,NA,NA
chr2,32039811,0.826844797716898,NA,NA
chr2,88691643,0.827551011161137,NA,NA
chr3,186635968,0.827741211360484,NA,NA
chr6,35797343,0.828331360025552,NA,NA
chr11,126063334,0.828602042701221,NA,NA
chr10,72089031,0.828819213786263,NA,NA
chr11,2992376,0.829232300767293,NA,NA
chr5,180899076,0.829807601489127,NA,NA
chr10,43138485,0.830324257655795,NA,NA
chr20,3071619,0.830728393235493,NA,NA
chr11,18266173,0.8313804117829,NA,NA
chr3,138608608,0.834925585614648,NA,NA
chr11,126283064,0.835190677559105,NA,NA
chr4,15702949,0.836251412356375,NA,NA
chr12,2794952,0.836383385369664,NA,NA
chr1,201509455,0.837471960453541,NA,NA
chr9,37422665,0.837471960453541,NA,NA
chr13,91398606,0.838170553172164,NA,NA
chr19,44914246,0.840629623311183,NA,NA
chr19,51225063,0.840968941979809,NA,NA
chr12,101568352,0.841480581121794,NA,NA
chr12,9971414,0.841770723640587,NA,NA
chr9,76394516,0.842773481717736,NA,NA
chr17,82317601,0.843029570756493,NA,NA
chr4,74365142,0.843199826550821,NA,NA
chr11,34438924,0.843907688072789,NA,NA
chr1,26279175,0.844620917578753,NA,NA
chr2,182867161,0.84623781902164,NA,NA
chr2,74198561,0.846390183560356,NA,NA
chr11,117232524,0.847156353187457,NA,NA
chr7,66995600,0.847501193268094,NA,NA
chr8,33473384,0.849944540437619,NA,NA
chr1,7954290,0.853848301985592,NA,NA
chr1,22710838,0.857855666232612,NA,NA
chr17,44968070,0.857917303516422,NA,NA
chr7,80369574,0.85842832682513,NA,NA
chr2,186693970,0.858897500094722,NA,NA
chr11,3854658,0.861079633584653,NA,NA
chr19,4559807,0.861079633584653,NA,NA
chr2,241686990,0.861270356084478,NA,NA
chr7,66205198,0.861765694531353,NA,NA
chr19,6730561,0.861933801629757,NA,NA
chr19,859642,0.863192821322527,NA,NA
chr6,166957183,0.865706123067592,NA,NA
chr6,75749191,0.868311899513457,NA,NA
chr1,21937296,0.869292708628019,NA,NA
chr7,107890969,0.871178155583461,NA,NA
chr10,87504874,0.871178155583461,NA,NA
chr1,198156962,0.871297055183755,NA,NA
chr4,73998778,0.872318437328316,NA,NA
chr2,232378533,0.872771716438386,NA,NA
chr11,27722057,0.873764596352825,NA,NA
chr11,27722057,0.873764596352825,NA,NA
chr19,38930546,0.874539745432806,NA,NA
chr11,123195280,0.877731041501716,NA,NA
chr12,51906907,0.879569359634668,NA,NA
chr1,1361776,0.880224260415116,NA,NA
chr12,6772518,0.880764615259515,NA,NA
chr10,116273466,0.881004146223843,NA,NA
chr3,142889202,0.881092880998045,NA,NA
chr19,54803534,0.882046294562801,NA,NA
chr6,148747327,0.883005561840154,NA,NA
chr5,79991310,0.883239066349358,NA,NA
chr3,66501262,0.883508179671804,NA,NA
chr11,130069836,0.88554832771377,NA,NA
chr1,182789292,0.889001918001501,NA,NA
chr21,36134911,0.890843460712887,NA,NA
chr14,20684099,0.891642337070687,NA,NA
chr4,6575174,0.892505031135259,NA,NA
chr15,79897378,0.894069232404858,NA,NA
chr11,12377184,0.894705134640172,NA,NA
chr11,59866574,0.894991358948273,NA,NA
chr17,34285667,0.895317338291782,NA,NA
chr4,65669959,0.895317338291782,NA,NA
chr20,62407284,0.895317338291782,NA,NA
chr1,119811659,0.89537652262351,NA,NA
chr5,180649623,0.895658593641375,NA,NA
chr5,140633700,0.895747537719203,NA,NA
chr20,58309695,0.89675844924481,NA,NA
chr20,2296000,0.897986641842342,NA,NA
chr1,203351488,0.898724545227828,NA,NA
chr5,10308025,0.900258856025054,NA,NA
chr11,58731973,0.900523550339774,NA,NA
chr22,17774769,0.901015904876229,NA,NA
chr10,91909482,0.902046185045065,NA,NA
chr14,94612376,0.90254345021781,NA,NA
chr8,6563408,0.902937651007571,NA,NA
chr6,7910813,0.903198689029561,NA,NA
chr12,109573873,0.905269652810585,NA,NA
chr3,194369742,0.905456144534605,NA,NA
chr3,133895835,0.906347316282193,NA,NA
chr14,64388030,0.908640032819929,NA,NA
chr9,97039642,0.909596473779158,NA,NA
chr12,56079856,0.910894963129565,NA,NA
chr17,7613945,0.910903914290961,NA,NA
chr3,120682570,0.911073898731907,NA,NA
chr16,49281830,0.911981030532999,NA,NA
chr20,23638472,0.912712566676816,NA,NA
chr10,70170522,0.913909936512377,NA,NA
chr10,43077026,0.914782139835633,NA,NA
chr19,7669043,0.914962288647722,NA,NA
chr19,51142298,0.915776135671174,NA,NA
chr5,76952712,0.916752015240492,NA,NA
chr1,28887090,0.916790334119391,NA,NA
chr1,196977555,0.922999778725962,NA,NA
chr9,34590139,0.925182079976805,NA,NA
chr13,87672614,0.926227228722227,NA,NA
chr5,178204506,0.930099780966425,NA,NA
chr5,87413018,0.930706071768414,NA,NA
chr18,47150519,0.931970538872759,NA,NA
chr6,85449583,0.932718745930405,NA,NA
chr8,23854806,0.934938834552087,NA,NA
chr14,74019351,0.935221250237358,NA,NA
chr15,93089203,0.936676892720088,NA,NA
chr11,75562055,0.937074486238219,NA,NA
chr10,5978186,0.938684739206775,NA,NA
chr17,9021541,0.940518099149173,NA,NA
chr13,85799487,0.943738196188719,NA,NA
chr12,10013423,0.943943890163504,NA,NA
chr21,42351127,0.945640900275557,NA,NA
chr17,35981495,0.945881134970486,NA,NA
chr11,18236892,0.946710849754531,NA,NA
chr1,228139961,0.94684707139927,NA,NA
chr4,37826632,0.94684707139927,NA,NA
chr1,160523261,0.947356882014402,NA,NA
chr11,6619365,0.947534671144834,NA,NA
chr2,108288638,0.94800091434817,NA,NA
chr1,24187958,0.948559264755632,NA,NA
chr6,42929191,0.950164661941506,NA,NA
chr20,3043621,0.951180426277801,NA,NA
chr11,27472774,0.951405706516545,NA,NA
chr14,92748701,0.951458068535035,NA,NA
chr1,202161587,0.951560171721942,NA,NA
chr3,93974065,0.951689844995746,NA,NA
chr22,30607083,0.952010171110608,NA,NA
chr4,109912883,0.958025455470674,NA,NA
NA,NA,0.958025455470674,NA,NA
chr11,60924462,0.958622253287458,NA,NA
chr14,20688772,0.958718404021532,NA,NA
chr17,19748942,0.95910077028586,NA,NA
chr1,72282733,0.95910077028586,NA,NA
chr11,66002077,0.95910077028586,NA,NA
chr15,88913410,0.95943480606682,NA,NA
chr10,5978186,0.959557869629066,NA,NA
chr8,17576432,0.961007846492882,NA,NA
chr11,119340566,0.961508169851703,NA,NA
chr19,7747563,0.962790214196334,NA,NA
chr8,85373435,0.962902466387905,NA,NA
chr1,155859508,0.963933460017016,NA,NA
chr5,150155871,0.965267322207006,NA,NA
chr8,118995451,0.965619070529195,NA,NA
chr16,83899125,0.968093126294339,NA,NA
chr1,25543579,0.969984855647991,NA,NA
NA,NA,0.970621721634749,NA,NA
chr4,107989713,0.970815612076236,NA,NA
chr7,23235966,0.972172461528781,NA,NA
chr6,49713589,0.97296413872268,NA,NA
chr7,142855060,0.973071767442949,NA,NA
chr1,8945866,0.973469755753585,NA,NA
chr1,204190323,0.975578776710838,NA,NA
chr9,34376852,0.978438177451517,NA,NA
chr3,101574094,0.978438177451517,NA,NA
chr5,140558251,0.978438177451517,NA,NA
chr2,69644424,0.978825691859355,NA,NA
chr1,201171573,0.979005461093967,NA,NA
chr1,159714588,0.979543663087131,NA,NA
chr2,96740063,0.979543663087131,NA,NA
chr2,219160864,0.979543663087131,NA,NA
chr7,101252315,0.980054963609524,NA,NA
chr9,98056738,0.981867820961016,NA,NA
chr1,27374823,0.981929079291302,NA,NA
chr1,29236515,0.986002743281724,NA,NA
chr19,10270834,0.986632585514022,NA,NA
chr6,38703140,0.986702539612635,NA,NA
chr6,169254043,0.986920511076487,NA,NA
chr14,50944735,0.988262724788761,NA,NA
chr19,32581067,0.991822043440084,NA,NA
chr20,44714843,0.996452864568148,NA,NA
chr4,98261383,1,NA,NA
