chr,start,end,value
chr7,12211240,12211240,-10.5290074811943
chr17,43211834,43211834,-7.92151625499643
chr5,156963254,156963254,-7.01579993386845
chr14,94390692,94390692,-8.10496686233838
chr1,42456267,42456267,-6.64223474961313
chr10,122374695,122374695,-7.61812061404258
chr4,119628990,119628990,-20.1869861093176
chr4,119628990,119628990,-19.6199764627815
chr1,55039547,55039547,-64.2517953164227
chr17,76711015,76711015,-7.73596391880192
chr3,49689497,49689497,-8.52961093268585
chr4,186226437,186226437,-6.18934624283579
chr3,52830738,52830738,-8.97795211476207
chr1,154405192,154405192,-21.6039067226992
chr2,113107213,113107213,-7.58653054966654
chr10,122461524,122461524,-14.7755585312474
chr4,3441886,3441886,-14.8969719512674
chr22,23961185,23961185,-5.74694124485571
chr2,215436171,215436171,-21.3133505945616
chr4,119322389,119322389,-8.49404743015515
chr16,75207184,75207184,-8.6926993074994
chr12,56362822,56362822,-6.35620339098778
chr11,116829705,116829705,-31.1510793718346
chr2,21044072,21044072,-23.8333422236851
chr9,133275213,133275213,-8.97824708131519
chr11,9664076,9664076,-11.2321254207023
chr11,116792419,116792419,-9.74217453807862
chr19,41428729,41428729,-9.65859180732841
chr19,45692482,45692482,-9.22264832885503
chr10,12195963,12195963,-8.70483433181272
chr6,160702237,160702237,-8.44066633676002
chr12,7092606,7092606,-6.89176266294149
chr3,52794767,52794767,-6.71771189012453
chr12,6988258,6988258,-6.42831540091357
chr17,46590668,46590668,-6.3576794591942
chr1,109656080,109656080,-5.90365188755206
chr7,37449248,37449248,-5.88092021747081
chr1,109687813,109687813,-5.87050634407114
chr19,19211972,19211972,-5.80562738773704
chr2,3594831,3594831,-5.790557448701
chr6,32128252,32128252,-5.69161350538692
chr1,26529760,26529760,-5.41935779899103
chr10,72954777,72954777,-5.40436846090151
chr22,32801700,32801700,-5.32817343952395
chr15,73051709,73051709,-5.2574494171708
chr20,64049835,64049835,-5.1168423392632
chr11,10693987,10693987,-5.1168423392632
chr17,4739921,4739921,-4.97829307572553
chr1,230714296,230714296,-4.95793761476906
chr6,31615183,31615183,-4.95504094047289
chr11,46719179,46719179,-4.94173459385773
chr7,99976156,99976156,-4.88017927824617
chr12,95791151,95791151,-4.86871035077969
chr3,129606817,129606817,-4.77568052048732
chr11,102955733,102955733,-4.63284261837101
chr17,42388567,42388567,-4.6010710604966
chr17,18856298,18856298,-4.59384073050711
chr17,4789225,4789225,-4.51757024748626
chr2,237414374,237414374,-4.4095206436105
chr5,96875938,96875938,-4.39137087073038
chr9,110579879,110579879,-4.34889127828973
chr22,19941606,19941606,-4.34846310578205
chr6,95577542,95577542,-4.26102586385188
chr2,27496841,27496841,-4.24805501283827
chr11,46719179,46719179,-4.24674192376752
chr20,45912154,45912154,-4.24201506585348
chr14,92106620,92106620,-4.21351735027634
chr9,136373680,136373680,-4.14885723934294
chr10,102714406,102714406,-4.14172607451712
chr1,178871051,178871051,-4.06853676771009
chr5,98768649,98768649,-4.06469234528707
chr15,78949573,78949573,-4.0516371722915
chr12,111766886,111766886,-4.03732039458739
chr12,57434759,57434759,-4.03318224168055
chr3,50312380,50312380,-3.97758149793075
chr6,33804010,33804010,-3.93688337759921
chr5,96808099,96808099,-3.88749457576983
chr10,116620952,116620952,-3.86726589114182
chr10,75109220,75109220,-3.86726589114182
chr11,46918641,46918641,-3.82111854327513
chr1,16980834,16980834,-3.82111854327513
chr7,100373444,100373444,-3.79585921648762
chr7,44490879,44490879,-3.79190072019415
chr21,43719093,43719093,-3.78141379429512
chr19,38813363,38813363,-3.76414429469562
chr6,127118603,127118603,-3.72556171721811
chr5,108747821,108747821,-3.69713459090703
chr10,22714554,22714554,-3.67888517960551
chr13,113864066,113864066,-3.66635231722781
chr7,100373444,100373444,-3.66635231722781
chr2,79120457,79120457,-3.65506778046397
chr2,206443538,206443538,-3.62923445735784
chr2,79087992,79087992,-3.59296309051379
chr7,99374248,99374248,-3.57950210883574
chr20,1894374,1894374,-3.56614365669741
chr11,82970583,82970583,-3.53916008943536
chr3,52445084,52445084,-3.52280938160068
chr2,55924138,55924138,-3.50551535744634
chr4,144646020,144646020,-3.47162933515615
chr3,52777591,52777591,-3.46220491349957
chr11,108498431,108498431,-3.43858444264715
chr16,69726950,69726950,-3.41108071061121
chr7,80922358,80922358,-3.4105139432302
chr11,120210766,120210766,-3.4067380499517
chr1,45012146,45012146,-3.37121279598759
chr11,20669550,20669550,-3.36421218855502
chr11,6390430,6390430,-3.35778220387376
chr1,16156086,16156086,-3.33230600299208
chr1,205042936,205042936,-3.31660876642406
chr17,66256524,66256524,-3.27882416050154
chr9,127854755,127854755,-3.22871059435225
chr20,38166577,38166577,-3.22871059435225
chr2,85694290,85694290,-3.20754033920692
chr1,207752056,207752056,-3.20495978784124
chr16,72054591,72054591,-3.2028372982959
chr19,43269529,43269529,-3.18619363359386
chr1,43300992,43300992,-3.17143126889669
chr3,196595,196595,-3.06940903431155
chr4,87531060,87531060,-3.06859493009098
chr4,110365732,110365732,-3.02221723791918
chr2,102186972,102186972,-3.01412533988139
chr12,48105138,48105138,-3.01135002320173
chr15,74843196,74843196,-3.00332935327066
chr19,38244034,38244034,-2.99257599429405
chr8,38468833,38468833,-2.98504788150951
chr1,32108037,32108037,-2.93514292845113
chr4,105894774,105894774,-2.8955113935024
chr16,72054591,72054591,-2.88237786223279
chr6,127118603,127118603,-2.86886203534546
chr19,17555593,17555593,-2.84565981747038
chr9,110579879,110579879,-2.81743078595774
chr15,74100310,74100310,-2.76693624831467
chr2,37344573,37344573,-2.74386203132384
chr22,43343387,43343387,-2.73349139707812
chr16,66366621,66366621,-2.71703368433246
chr22,36166176,36166176,-2.68402840629323
chr2,86563478,86563478,-2.68249371813763
chr3,173396283,173396283,-2.68129505503234
chr15,90933976,90933976,-2.67954365511859
chr5,148312418,148312418,-2.6745380729845
chr19,42740568,42740568,-2.66597303173721
chr1,25617467,25617467,-2.65867883229338
chr8,16567489,16567489,-2.65845400762743
chr11,49208669,49208669,-2.64850521415254
chr19,42937177,42937177,-2.62276152750069
chr6,31815064,31815064,-2.61537823503628
chr17,80477842,80477842,-2.59224865485889
chr7,150341673,150341673,-2.56866904026539
chr12,50283545,50283545,-2.56866904026539
chr1,40097702,40097702,-2.55342221734663
chr10,125823247,125823247,-2.55013556484668
chr1,169586587,169586587,-2.54776840059319
chr2,162318839,162318839,-2.54327210578714
chr3,46574533,46574533,-2.54033150197956
chr17,41966740,41966740,-2.53776805769179
chr4,76007487,76007487,-2.53708353478187
chr19,38256590,38256590,-2.53314935474667
chr7,137343864,137343864,-2.53028043062657
chr19,43186535,43186535,-2.51420808852884
chr6,32741341,32741341,-2.50278767472851
chr12,108562600,108562600,-2.49607993049858
chr1,159925731,159925731,-2.4941840089722
chr1,159925731,159925731,-2.4941840089722
chr8,81732880,81732880,-2.46018286897445
chr4,102760993,102760993,-2.43148237293783
chr8,81686692,81686692,-2.42810181973237
chr5,96434142,96434142,-2.3977844948553
chr9,115118256,115118256,-2.37712305396189
chr11,104164378,104164378,-2.37082139459421
chr19,4229497,4229497,-2.36432571304717
chr5,159330886,159330886,-2.32854209347781
chr1,43978942,43978942,-2.32529822176524
chr4,176792726,176792726,-2.32231536813753
chr9,34329505,34329505,-2.31634159124596
chr20,34955816,34955816,-2.31284985066804
chr13,112894377,112894377,-2.31284985066803
chr11,104164378,104164378,-2.30377220480784
chr17,42112732,42112732,-2.28466815108347
chr19,6670587,6670587,-2.27919945131754
chr17,52160016,52160016,-2.26408108774776
chr5,102753980,102753980,-2.24314696484659
chr7,2233242,2233242,-2.24226193342737
chr10,73909176,73909176,-2.20903838915544
chr2,127418426,127418426,-2.19800481794028
chr17,28662089,28662089,-2.19800481794028
chr1,113979390,113979390,-2.19601152798641
chr2,68952969,68952969,-2.18403399324264
chr19,11579007,11579007,-2.17652640042952
chr1,149917881,149917881,-2.1751436395168
chr3,87227270,87227270,-2.17278251324968
chr20,46008907,46008907,-2.16254898443117
chr1,236517999,236517999,-2.13511279774262
chr1,230869588,230869588,-2.12452706158331
chr8,56446733,56446733,-2.11885350140205
chr17,7179563,7179563,-2.10985616227478
chr6,46735692,46735692,-2.09251178211315
chr12,86601303,86601303,-2.08803324387233
chr1,150579737,150579737,-2.07185256669238
chr19,49665140,49665140,-2.0706366742212
chr11,10611688,10611688,-2.06461539491841
chr16,152686,152686,-2.06262135245482
chr9,136545861,136545861,-2.06223660912833
chr16,1240695,1240695,-2.05771135446183
chr6,32184323,32184323,-2.05674245635366
chr1,197067266,197067266,-2.04197731737323
chr7,23597378,23597378,-2.03636400293578
chr11,124762289,124762289,-2.03320623075234
chr7,44082539,44082539,-2.02965331551346
chr17,7548890,7548890,-2.02382372076176
chr11,33542071,33542071,-2.0000843928912
chr12,47725566,47725566,-1.9989585666629
chr19,19262795,19262795,-1.99096507580869
chr3,12159350,12159350,-1.98964634769343
chr6,42960757,42960757,-1.98577995879624
chr1,66801255,66801255,-1.98529901019187
chr3,186842689,186842689,-1.97671609758736
chr15,60402882,60402882,-1.96597918243843
chr2,224039318,224039318,-1.96512904494042
chr5,157109713,157109713,-1.96440197949304
chr12,58920521,58920521,-1.9559089692446
chr14,65102694,65102694,-1.95334472462463
chr6,37699305,37699305,-1.94365835045251
chr10,72355229,72355229,-1.93829945747177
chr19,9936551,9936551,-1.92192815210144
chr14,78170372,78170372,-1.92165103115563
chr3,186717422,186717422,-1.91110149222469
chr4,986996,986996,-1.90638503562032
chr20,45857405,45857405,-1.90590181013132
chr1,153613144,153613144,-1.90590181013132
chr13,52406493,52406493,-1.90083947510547
chr15,76311471,76311471,-1.89618488448833
chr4,7068196,7068196,-1.89618488448833
chr2,219060466,219060466,-1.89586671859947
chr6,24667034,24667034,-1.87814253662752
chr10,103193305,103193305,-1.8673017715982
chr18,75209347,75209347,-1.85652798781955
chr10,80407828,80407828,-1.85652798781955
chr15,82986152,82986152,-1.85516576308019
chr3,45146421,45146421,-1.84735730295766
chr8,11869447,11869447,-1.83927725544168
chr9,27109140,27109140,-1.83332096182834
chr22,20437825,20437825,-1.83227305769721
chr8,30727925,30727925,-1.8318864729128
chr1,201982371,201982371,-1.82904492801466
chr1,1434860,1434860,-1.82845789397823
chr1,149928343,149928343,-1.82397274695538
chr12,27771275,27771275,-1.82336954600832
chr5,157059118,157059118,-1.82164152690834
chr19,695497,695497,-1.81070024191632
chr16,57404766,57404766,-1.806989649188
chr14,103561895,103561895,-1.80358608686826
chr15,60402882,60402882,-1.79457249861258
chr15,41493392,41493392,-1.7790477483813
chr3,75906694,75906694,-1.7790477483813
chr17,1761958,1761958,-1.76354058945485
chr19,7702145,7702145,-1.76311251975382
chr19,54313138,54313138,-1.76275936852812
chr19,12891025,12891025,-1.75972608666638
chr14,100376804,100376804,-1.74932587562341
chr16,2720550,2720550,-1.74801660976916
chr8,133191038,133191038,-1.7462038852387
chr3,186717422,186717422,-1.74597273712614
chr22,45502237,45502237,-1.74013740601764
chr12,13000272,13000272,-1.73928390678571
chr16,67483812,67483812,-1.73761804042444
chr9,136975091,136975091,-1.72803388613476
chr14,69854130,69854130,-1.72641724347049
chr5,179806933,179806933,-1.72356178059905
chr2,102418688,102418688,-1.72042704193084
chr19,5870539,5870539,-1.7082207445172
chr1,150508061,150508061,-1.70429790019451
chr6,33314386,33314386,-1.68677064340873
chr21,33266357,33266357,-1.6843909879037
chr6,31655470,31655470,-1.68231833810224
chr17,76384520,76384520,-1.67360010048523
chr1,45523046,45523046,-1.67239312930198
chr11,66568840,66568840,-1.67127761794776
chr12,6913744,6913744,-1.67077389457305
chr21,44240965,44240965,-1.66616886280167
chr12,57742156,57742156,-1.66550973994147
chr3,111979009,111979009,-1.65655506464935
chr3,100334700,100334700,-1.64808175266936
chr20,2800636,2800636,-1.64188819585467
chr11,66958375,66958375,-1.63467697131672
chr22,50628172,50628172,-1.63349680272169
chr19,43205773,43205773,-1.62869477737703
chr11,99020952,99020952,-1.62154062057874
chr1,149887916,149887916,-1.61936772952616
chr4,38805577,38805577,-1.61830230638053
chr19,51531855,51531855,-1.61295768210856
chr4,75940948,75940948,-1.6120532613611
chr6,31945672,31945672,-1.60740582406124
chr6,35214418,35214418,-1.60548143540443
chr17,63477060,63477060,-1.60191975846135
chr3,9933821,9933821,-1.58345010038754
chr17,58280934,58280934,-1.58292125886854
chr17,79074938,79074938,-1.5737899618284
chr4,95549127,95549127,-1.5699298441342
chr21,46155566,46155566,-1.56807038504496
chr1,161663146,161663146,-1.55981729130119
chr20,25195692,25195692,-1.55779213835164
chr9,113376998,113376998,-1.55633342518832
chr2,178478599,178478599,-1.55584750261104
chr4,39406852,39406852,-1.55228608724734
chr9,33750465,33750465,-1.54969739766174
chr19,18607740,18607740,-1.54643096171348
chr7,157335380,157335380,-1.53839971268376
chr12,8032702,8032702,-1.53839971268376
chr2,24972093,24972093,-1.53780795696841
chr3,52455117,52455117,-1.53376335701426
chr4,24789911,24789911,-1.52853904658089
chr4,2793022,2793022,-1.52826664263539
chr12,128267402,128267402,-1.52547321739445
chr14,95714195,95714195,-1.52301294230433
chr16,66873255,66873255,-1.52169885679047
chr21,33324476,33324476,-1.51912705745021
chr12,121888730,121888730,-1.50953560505653
chr11,13962688,13962688,-1.50803956692028
chr8,144291590,144291590,-1.50511886509156
chr11,131370477,131370477,-1.5014457996932
chr12,12350540,12350540,-1.48781820091277
chr2,159904748,159904748,-1.48208871603939
chr14,34714822,34714822,-1.48026300243047
chr11,131370477,131370477,-1.47244904734108
chr11,626077,626077,-1.46591079149348
chr6,16238579,16238579,-1.46286624591363
chr17,7579466,7579466,-1.45743137076447
chr1,168729263,168729263,-1.45724506866081
chr4,186265944,186265944,-1.45387122490205
chr15,88803442,88803442,-1.45159102732695
chr2,64453968,64453968,-1.45067049909313
chr11,119206275,119206275,-1.44665025049235
chr12,57610179,57610179,-1.4376364845212
chr1,150765956,150765956,-1.43660799847614
chr14,78170372,78170372,-1.4224087205464
chr10,1025858,1025858,-1.4216551506609
chr15,88256767,88256767,-1.41938938084159
chr13,93227317,93227317,-1.41407250121574
chr22,50307626,50307626,-1.40959151986507
chr11,102875033,102875033,-1.40207859816345
chr1,153616985,153616985,-1.39826085030708
chr16,57358771,57358771,-1.39743463501316
chr3,61251458,61251458,-1.39534756064292
chr19,11538716,11538716,-1.3940011672288
chr1,207321507,207321507,-1.39034093567566
chr19,51035229,51035229,-1.37971968239255
chr11,116823305,116823305,-1.37904140064036
chr2,85418431,85418431,-1.37896987744204
chr11,17014442,17014442,-1.37689739242136
chr1,11858930,11858930,-1.36924236703159
chr14,99971448,99971448,-1.36790021004724
chr11,115504956,115504956,-1.36663504080994
chr1,42153420,42153420,-1.362676539679
chr19,54313138,54313138,-1.36047719433248
chr17,4932296,4932296,-1.35718466898719
chr6,55327468,55327468,-1.3559805241286
chr1,156893697,156893697,-1.35512005181144
chr11,102798159,102798159,-1.34441954588409
chr1,37765132,37765132,-1.34198608447696
chr1,9997205,9997205,-1.34198608447696
chr2,127107354,127107354,-1.33180685848977
chr1,219173961,219173961,-1.32499948259581
chr4,154612966,154612966,-1.32059713931172
chr14,94578705,94578705,-1.31835825466233
chr16,78099412,78099412,-1.31689005719847
chr6,159969098,159969098,-1.31677321959403
chr17,45148501,45148501,-1.31633936421646
chr1,1780456,1780456,-1.31479066396862
chr5,149141482,149141482,-1.31241502769861
chr10,52771699,52771699,-1.30106096716073
chr19,54906149,54906149,-1.30045334065164
chr1,9234774,9234774,-1.30038196348882
chr9,128128461,128128461,-1.30023786663817
chr1,62597486,62597486,-1.28877556174366
chr4,99157791,99157791,-1.28827220619654
chr12,55973316,55973316,-1.28288235599077
chr11,46380755,46380755,-1.28202280302458
chr2,101991843,101991843,-1.27472176814056
chr17,31297410,31297410,-1.26804356512307
chr12,40692441,40692441,-1.26534659409301
chr15,77820899,77820899,-1.26181365424166
chr5,40909251,40909251,-1.24913861180449
chr1,43337848,43337848,-1.24904424905346
chr4,39528017,39528017,-1.23562004213973
chr2,112482153,112482153,-1.23280414864499
chr6,31815463,31815463,-1.2315511904913
chr10,5035353,5035353,-1.23107806146825
chr3,33798351,33798351,-1.22200514692519
chr4,102501328,102501328,-1.21614839966899
chr6,70303082,70303082,-1.21614839966899
chr22,19144683,19144683,-1.21614839966899
chr11,7677221,7677221,-1.21408599198601
chr10,46046268,46046268,-1.21300036272473
chr17,14301082,14301082,-1.21300036272473
chr21,33402895,33402895,-1.20969087035032
chr10,33336261,33336261,-1.20969087035032
chr9,33167355,33167355,-1.20797164881823
chr1,174999162,174999162,-1.201106489986
chr16,72094395,72094395,-1.20062373515492
chr16,81779257,81779257,-1.19906193687698
chr19,8981341,8981341,-1.19865919359748
chr9,135075421,135075421,-1.19865919359748
chr19,5851473,5851473,-1.19818905322572
chr10,44386492,44386492,-1.19526082886327
chr3,113211002,113211002,-1.19273313424316
chr5,38845857,38845857,-1.18965137291129
chr20,1329238,1329238,-1.18795697052598
chr14,85530143,85530143,-1.18578934236701
chr16,4242079,4242079,-1.1798885347895
chr1,12167038,12167038,-1.16771844892947
chr1,169764704,169764704,-1.16748451327694
chr8,66712417,66712417,-1.16697192404495
chr19,49361782,49361782,-1.16606761699137
chr13,27450590,27450590,-1.16404490437314
chr18,31102414,31102414,-1.15673156404053
chr11,35618418,35618418,-1.15384764288579
chr2,62673850,62673850,-1.15340109436309
chr15,40844017,40844017,-1.14816847040235
chr13,67230444,67230444,-1.14709589983558
chr14,104724185,104724185,-1.1466261497522
chr20,23689039,23689039,-1.14637649919108
chr10,70888783,70888783,-1.14391267341804
chr19,54257300,54257300,-1.1438857741206
chr13,113105787,113105787,-1.13363210332547
chr11,75351704,75351704,-1.12991501958022
chr17,7627875,7627875,-1.12880626110425
chr1,161505429,161505429,-1.12424067738894
chr20,38260148,38260148,-1.11640652318785
chr2,102355928,102355928,-1.11103536528513
chr12,55842965,55842965,-1.10996142920123
chr19,11435287,11435287,-1.10645748049167
chr11,122655674,122655674,-1.10549021633067
chr4,83335152,83335152,-1.10366439842623
chr17,41836262,41836262,-1.10322514352559
chr20,45254563,45254563,-1.10197864098505
chr6,43229483,43229483,-1.09915691482282
chr2,102311501,102311501,-1.09319443619646
chr17,66302635,66302635,-1.09168763494147
chr3,57170305,57170305,-1.09042734455714
chr13,37598843,37598843,-1.09028005541733
chr9,86100172,86100172,-1.0854537962847
chr7,101127088,101127088,-1.08399350124899
chr2,120346142,120346142,-1.08399350124899
chr8,60281411,60281411,-1.08169926849729
chr3,119468937,119468937,-1.07912932846229
chr17,27629797,27629797,-1.07686342662174
chr4,56821741,56821741,-1.07634596464749
chr3,45026182,45026182,-1.07569012691002
chr9,121050275,121050275,-1.07510747453138
chr1,1232264,1232264,-1.07266665999536
chr11,72114868,72114868,-1.07152505021114
chr19,676364,676364,-1.06869043897609
chr2,79025685,79025685,-1.06678305244848
chr16,75218999,75218999,-1.06503063708095
chr5,83721612,83721612,-1.06310307380167
chr17,50546305,50546305,-1.06131015745807
chr14,67619797,67619797,-1.06087199141902
chr10,79982613,79982613,-1.05816344544523
chr15,40780566,40780566,-1.05739539697785
chr7,130293133,130293133,-1.04230821811396
chr1,206023908,206023908,-1.03928473214547
chr9,111599854,111599854,-1.03389169129003
chr16,396724,396724,-1.02785044500539
chr19,15498955,15498955,-1.02761668997116
chr6,33192498,33192498,-1.02717611260605
chr1,37947056,37947056,-1.02626584093138
chr1,179229683,179229683,-1.01962977252676
chr1,160739056,160739056,-1.00405011234799
chr1,117367448,117367448,-0.998423005582198
chr4,182917935,182917935,-0.997258218299685
chr17,4948091,4948091,-0.996573537613253
chr20,56412111,56412111,-0.995070254667162
chr14,52791667,52791667,-0.994919209989406
chr1,160711850,160711850,-0.992058460031589
chr18,63970181,63970181,-0.988055406685912
chr3,187292021,187292021,-0.983946471976284
chr3,98732235,98732235,-0.982069389235009
chr6,170306564,170306564,-0.979289142500549
chr19,44905753,44905753,-0.977212332878556
chr3,133745955,133745955,-0.973763326343607
chr1,54623555,54623555,-0.971133711460268
chr12,43758943,43758943,-0.967334896450911
chr17,17303334,17303334,-0.965529592972013
chr1,162790701,162790701,-0.960195059226859
chr16,71525232,71525232,-0.960195059226859
chr14,94479688,94479688,-0.951739427793485
chr6,31795952,31795952,-0.950797866215588
chr2,24049700,24049700,-0.946501064231455
chr8,102239117,102239117,-0.941706925319693
chr15,41557674,41557674,-0.938334781727858
chr11,102780627,102780627,-0.938145260539533
chr3,122384175,122384175,-0.932799759791286
chr6,35297851,35297851,-0.931655340862291
chr5,81233284,81233284,-0.93132719621117
chr19,10289980,10289980,-0.927919455578487
chr1,15456727,15456727,-0.927491860875975
chr19,851013,851013,-0.926301239233969
chr16,84294645,84294645,-0.919039494122311
chr7,12570848,12570848,-0.915863577235369
chr12,9116228,9116228,-0.915101443682996
chr1,53328069,53328069,-0.913571983616667
chr12,113422236,113422236,-0.910606214484885
chr7,33904910,33904910,-0.910128822994981
chr16,70346828,70346828,-0.909129066875527
chr16,70289662,70289662,-0.909129066875527
chr1,171652682,171652682,-0.908546406171731
chr10,50248609,50248609,-0.904464388014573
chr3,120451252,120451252,-0.899126213554697
chr21,45981736,45981736,-0.890921808247009
chr16,30424532,30424532,-0.887774741494962
chr6,168441150,168441150,-0.887305731232787
chr10,123008978,123008978,-0.886543805226705
chr14,77320884,77320884,-0.881690826780936
chr7,45921873,45921873,-0.878680541265135
chr20,45308528,45308528,-0.87851649996324
chr8,41309496,41309496,-0.876356373926842
chr12,57132138,57132138,-0.874146725950836
chr1,5991465,5991465,-0.874146725950836
chr17,45160699,45160699,-0.874146725950836
chr13,76990659,76990659,-0.873744392335527
chr20,3707127,3707127,-0.872165657745395
chr5,142013040,142013040,-0.86590999213191
chr7,75899199,75899199,-0.864009407870856
chr2,53970840,53970840,-0.86347282484537
chr19,54572919,54572919,-0.859685095566096
chr2,162245150,162245150,-0.858424920547166
chr9,133532163,133532163,-0.855106662562874
chr1,12167038,12167038,-0.854951316265568
chr8,88328024,88328024,-0.85321313262131
chr9,129111188,129111188,-0.852117748301972
chr10,52314295,52314295,-0.850901402637138
chr22,42721297,42721297,-0.849542889139233
chr2,74833987,74833987,-0.843590315565043
chr7,2242221,2242221,-0.84084121817766
chr20,56005471,56005471,-0.839329174817554
chr19,51020174,51020174,-0.837984687078833
chr2,229714557,229714557,-0.836159121661144
chr12,118136026,118136026,-0.835325274720973
chr2,102064543,102064543,-0.834471651016244
chr12,20369244,20369244,-0.832509811396551
chr3,105366908,105366908,-0.832370860969591
chr4,7434972,7434972,-0.831063153001796
chr3,38137241,38137241,-0.828938376156459
chr17,56593698,56593698,-0.827968999922189
chr16,31135761,31135761,-0.826636790873172
chr11,112961246,112961246,-0.826233688283787
chr4,156971393,156971393,-0.824292829756315
chr2,190320044,190320044,-0.824123380394433
chr1,206684943,206684943,-0.823493139243268
chr19,48811028,48811028,-0.821611756143411
chr21,26171127,26171127,-0.818098979584069
chr8,17910364,17910364,-0.81571750890914
chr5,177351851,177351851,-0.815655061330681
chr22,20283245,20283245,-0.815236320400306
chr2,65130105,65130105,-0.810030073701159
chr11,117199320,117199320,-0.802325472568884
chr19,708938,708938,-0.801062169068542
chr4,1208961,1208961,-0.800069428041211
chr3,158732695,158732695,-0.798639889732172
chr18,10454627,10454627,-0.796149471260204
chr14,92923079,92923079,-0.794591964298881
chr10,17228258,17228258,-0.792050912123942
chr14,100725704,100725704,-0.790650689365351
chr10,89327893,89327893,-0.788050465786875
chr16,1794970,1794970,-0.786825653878586
chr18,31498042,31498042,-0.78505022722372
chr13,33016432,33016432,-0.784803679795664
chr18,31684722,31684722,-0.782907517967036
chr9,34651035,34651035,-0.781088052249111
chr19,54339149,54339149,-0.780934941531307
chr1,160885169,160885169,-0.779447106539256
chr6,122789048,122789048,-0.779447106539256
chr11,102727049,102727049,-0.777240213895816
chr4,158723395,158723395,-0.776572020781962
chr17,82098331,82098331,-0.774467177657403
chr1,11926427,11926427,-0.774467177657403
chr10,124093606,124093606,-0.773988378092096
chr13,46105075,46105075,-0.773837665981793
chr12,7503892,7503892,-0.77008985227122
chr9,17906562,17906562,-0.768869953038783
chr14,31457509,31457509,-0.766924339581142
chr13,25288008,25288008,-0.76569387755669
chr19,10289980,10289980,-0.764258292926393
chr19,51028038,51028038,-0.760599298904549
chr2,135985876,135985876,-0.759875459973235
chr14,20955451,20955451,-0.759064765669331
chr11,74731384,74731384,-0.758982104699389
chr18,27185316,27185316,-0.754322317744601
chr2,69437627,69437627,-0.750904870091202
chr5,78986086,78986086,-0.749993838274987
chr10,7666997,7666997,-0.749695688951546
chr2,68320050,68320050,-0.749554867076878
chr12,103841196,103841196,-0.748330966973836
chr17,74546142,74546142,-0.747621045374995
chr3,112649529,112649529,-0.745785886175671
chr2,128318576,128318576,-0.74498911230534
chr7,132648687,132648687,-0.744469312070195
chr1,65525688,65525688,-0.741048970676918
chr20,1620060,1620060,-0.74034483984193
chr5,150113371,150113371,-0.736199794963328
chr11,59845500,59845500,-0.735807187406662
chr3,165837471,165837471,-0.735562656966274
chr6,46080394,46080394,-0.734761995264006
chr1,160796073,160796073,-0.733272427274399
chr1,156641389,156641389,-0.732878999973458
chr5,38606305,38606305,-0.732426673168284
chr7,50565456,50565456,-0.731756207321266
chr6,31592984,31592984,-0.731283099554932
chr6,160702237,160702237,-0.730543930224689
chr6,170553340,170553340,-0.728541721825414
chr8,55879812,55879812,-0.727881356037765
chr20,41136959,41136959,-0.726271808577102
chr11,70270699,70270699,-0.726271808577102
chr12,6451718,6451718,-0.726271808577102
chr6,43076267,43076267,-0.724522453689542
chr1,196943771,196943771,-0.723172720701956
chr4,3532558,3532558,-0.721552789859363
chr1,203186748,203186748,-0.721297734326755
chr7,83649009,83649009,-0.71754077153082
chr22,26169473,26169473,-0.71601473992075
chr2,71130238,71130238,-0.713092472933308
chr19,51065113,51065113,-0.712491414691248
chr1,147670495,147670495,-0.709641177667223
chr7,79453573,79453573,-0.708890910060351
chr1,77979174,77979174,-0.707561490409138
chr2,216082954,216082954,-0.705874623543063
chr22,29073077,29073077,-0.705248253402254
chr14,91947986,91947986,-0.70501940796776
chr9,133209249,133209249,-0.704572078202442
chr1,153567889,153567889,-0.703400351653341
chr8,61714639,61714639,-0.702744035766825
chr6,132513197,132513197,-0.702145871475515
chr4,25160441,25160441,-0.7009066036223
chr14,94293270,94293270,-0.696417537982638
chr19,54738514,54738514,-0.696265941636604
chr20,38346355,38346355,-0.692384455312688
chr16,75566350,75566350,-0.692258352781192
chr2,142877497,142877497,-0.690111356201309
chr1,103616810,103616810,-0.689696477300696
chr5,9546074,9546074,-0.689501997638558
chr16,2830168,2830168,-0.689171798462704
chr6,31494880,31494880,-0.687664989282836
chr1,160098942,160098942,-0.687664989282836
chr16,1351922,1351922,-0.686181734299439
chr10,98030827,98030827,-0.685936037139922
chr8,21812356,21812356,-0.685686795159434
chr19,3063106,3063106,-0.684065200355154
chr20,1002263,1002263,-0.683920560185763
chr10,1049169,1049169,-0.681819478098965
chr17,64130818,64130818,-0.679472717225445
chr21,45405136,45405136,-0.67240046169681
chr1,169711697,169711697,-0.671299639350945
chr3,2098812,2098812,-0.669926450466322
chr12,42144878,42144878,-0.665277847849458
chr8,63039170,63039170,-0.662359958201605
chr19,51645544,51645544,-0.662124611890584
chr22,37582615,37582615,-0.658703454843031
chr4,73853188,73853188,-0.656443277943408
chr10,71212569,71212569,-0.655352722238183
chr11,14364505,14364505,-0.652738550270491
chr7,116672389,116672389,-0.652377592965271
chr19,10416772,10416772,-0.649247863569296
chr9,100473112,100473112,-0.647198247890908
chr12,129903665,129903665,-0.645743620128885
chr22,36253009,36253009,-0.644799283200115
chr1,236065161,236065161,-0.642533926146227
chr17,58218547,58218547,-0.641344166727775
chr3,79767814,79767814,-0.64100351910336
chr5,34043831,34043831,-0.640726011237642
chr6,36127808,36127808,-0.638009135885427
chr21,40847138,40847138,-0.635018305824255
chr3,186717422,186717422,-0.633943012589433
chr1,39692181,39692181,-0.630709723176288
chr12,6700799,6700799,-0.629735103157121
chr12,6700799,6700799,-0.629735103157121
chr13,113122813,113122813,-0.628731609760237
chr16,630931,630931,-0.627817465917041
chr11,66593083,66593083,-0.626481629595961
chr2,264392,264392,-0.626481629595961
chr3,187368331,187368331,-0.626481629595961
chr2,77593318,77593318,-0.622772862099191
chr12,47079950,47079950,-0.619798320475991
chr17,68601388,68601388,-0.619262713317033
chr2,3517746,3517746,-0.619011601155022
chr1,182392205,182392205,-0.618321918197476
chr8,7056733,7056733,-0.614387674082611
chr4,103099882,103099882,-0.613777556432513
chr4,5019471,5019471,-0.611820814212929
chr14,105743070,105743070,-0.60856219632042
chr17,62627590,62627590,-0.60810130392516
chr20,35664758,35664758,-0.607572965601366
chr5,147831785,147831785,-0.607466605012651
chr21,32412041,32412041,-0.604563084368544
chr7,73683452,73683452,-0.603861196759308
chr4,122826707,122826707,-0.601810133213746
chr3,126988593,126988593,-0.601810133213746
chr22,30607083,30607083,-0.601260510568419
chr9,136245840,136245840,-0.601128172014464
chr20,41366826,41366826,-0.594228506491949
chr19,49867908,49867908,-0.593194422671467
chr12,62260337,62260337,-0.592225685643634
chr4,57110384,57110384,-0.589941340305026
chr3,123067061,123067061,-0.588697722485709
chr6,106629486,106629486,-0.588697722485709
chr8,104589023,104589023,-0.588697722485709
chr16,84819983,84819983,-0.584129085631398
chr11,57597386,57597386,-0.579846429122117
chr13,24307165,24307165,-0.579846429122117
chr9,96450200,96450200,-0.578860618759518
chr1,153375648,153375648,-0.577775020800896
chr17,78980108,78980108,-0.574981470870224
chr9,129028302,129028302,-0.572164891990895
chr1,192158456,192158456,-0.572164891990895
chr12,94148722,94148722,-0.570129727541816
chr11,30586871,30586871,-0.569407638265597
chr10,95711778,95711778,-0.568288125090565
chr12,125186835,125186835,-0.567509867807448
chr11,125833315,125833315,-0.56649878885919
chr5,135895826,135895826,-0.564798889516358
chr7,150824626,150824626,-0.56469262986597
chr12,52520686,52520686,-0.561641867296272
chr15,66386816,66386816,-0.561539894342138
chr5,181040224,181040224,-0.561234504145199
chr13,36131305,36131305,-0.560173460185314
chr2,106194338,106194338,-0.557808970345983
chr14,20803277,20803277,-0.556046618366305
chr12,69359702,69359702,-0.554924595920182
chr22,37175053,37175053,-0.553368018847033
chr4,152779936,152779936,-0.553368018847033
chr15,80152489,80152489,-0.551926280062445
chr4,89838259,89838259,-0.551895013190664
chr11,18527231,18527231,-0.551895013190664
chr7,116222803,116222803,-0.551629239978856
chr1,156705815,156705815,-0.550499026556145
chr20,1657778,1657778,-0.550499026556145
chr11,1764572,1764572,-0.55031931741852
chr2,120240063,120240063,-0.549174173901511
chr3,46485233,46485233,-0.548476920793912
chr20,44885675,44885675,-0.547915154707375
chr1,193106113,193106113,-0.547633290576061
chr7,44044639,44044639,-0.545575922508412
chr1,155301433,155301433,-0.545174200246841
chr11,67583594,67583594,-0.544435710513297
chr11,124694301,124694301,-0.540594305661071
chr19,51646800,51646800,-0.539756634730602
chr9,5510569,5510569,-0.538742618985837
chr1,103561756,103561756,-0.53786048923357
chr19,18374730,18374730,-0.537784884039988
chr20,45515623,45515623,-0.535851411791313
chr15,64072032,64072032,-0.533859463023463
chr17,34270220,34270220,-0.533462538663234
chr6,46170970,46170970,-0.533292220400436
chr20,36746077,36746077,-0.532821014580228
chr1,207454229,207454229,-0.532697211388857
chr15,57591940,57591940,-0.532069270958966
chr12,7751604,7751604,-0.530578884795352
chr3,71785205,71785205,-0.530012163231381
chr12,27972704,27972704,-0.52969996498988
chr9,121207793,121207793,-0.528297942594707
chr11,14904996,14904996,-0.528076436290137
chr1,91906334,91906334,-0.527643162507802
chr2,71064343,71064343,-0.527610316401995
chr12,93677374,93677374,-0.525840866551875
chr9,121050275,121050275,-0.525756680433528
chr8,6878021,6878021,-0.52440764814426
chr1,196819756,196819756,-0.523232648863167
chr16,68000585,68000585,-0.522927648750604
chr19,54281183,54281183,-0.522383389182067
chr12,12715057,12715057,-0.521562610147716
chr2,20012693,20012693,-0.52040458215683
chr16,88663160,88663160,-0.519680682297428
chr19,43353658,43353658,-0.519385874102591
chr11,47980557,47980557,-0.51758222223555
chr3,43106075,43106075,-0.516544312314031
chr1,157700856,157700856,-0.516544312314031
chr4,8592659,8592659,-0.516485388519982
chr14,20468953,20468953,-0.512390227034924
chr19,44809058,44809058,-0.509302253020288
chr7,65982313,65982313,-0.508498700143811
chr9,90801786,90801786,-0.504820800677592
chr14,20891398,20891398,-0.502050440688468
chr15,84658562,84658562,-0.49851554582799
chr16,11965106,11965106,-0.49851554582799
chr17,3893043,3893043,-0.49851554582799
chr19,48900049,48900049,-0.493120792495187
chr17,80101555,80101555,-0.49079802941781
chr10,95291023,95291023,-0.489715005922647
chr6,118894356,118894356,-0.489521067353539
chr3,58666847,58666847,-0.487703921717811
chr18,63586988,63586988,-0.487147238150248
chr17,82037731,82037731,-0.486530117222476
chr19,50854914,50854914,-0.484501473748318
chr7,44999474,44999474,-0.48388227293044
chr6,43456631,43456631,-0.483205826647862
chr12,14843494,14843494,-0.481205360434416
chr17,8039016,8039016,-0.478381047713022
chr3,117139388,117139388,-0.477329850030319
chr3,3126612,3126612,-0.477169574791736
chr22,21642260,21642260,-0.475354476090578
chr1,196651877,196651877,-0.475158965741078
chr7,143408891,143408891,-0.474152378521067
chr9,90801786,90801786,-0.472808699317253
chr20,1266315,1266315,-0.472564086502558
chr2,187565759,187565759,-0.472298949049153
chr3,98593722,98593722,-0.47087955331079
chr4,113761926,113761926,-0.470644367650032
chr1,156147365,156147365,-0.470644367650032
chr20,34194568,34194568,-0.470288071980438
chr14,94452789,94452789,-0.469814789614593
chr19,46023064,46023064,-0.468083579376634
chr1,207496146,207496146,-0.467551614417843
chr11,207427,207427,-0.465207823146759
chr9,92404695,92404695,-0.465004692775717
chr9,134880811,134880811,-0.464815108899126
chr1,225941488,225941488,-0.464135117626435
chr12,14885925,14885925,-0.464135117626435
chr17,7646626,7646626,-0.464135117626435
chr2,210002564,210002564,-0.464135117626435
chr10,17202053,17202053,-0.463219218808181
chr1,154936990,154936990,-0.463219218808181
chr6,159762529,159762529,-0.463219218808181
chr14,24634266,24634266,-0.46102180894534
chr14,74084492,74084492,-0.460666783968614
chr5,139390080,139390080,-0.459833367599818
chr4,184649508,184649508,-0.459701969490655
chr11,122838499,122838499,-0.459397387381544
chr12,9208369,9208369,-0.456944067152277
chr12,6124769,6124769,-0.456943727721072
chr5,42423776,42423776,-0.456922281788989
chr5,54993730,54993730,-0.45549184668481
chr4,54229096,54229096,-0.455128770461096
chr12,108633958,108633958,-0.455128770461096
chr18,10525904,10525904,-0.448590115447586
chr5,135955033,135955033,-0.448057920359926
chr2,208266073,208266073,-0.447881063292304
chr22,23980468,23980468,-0.445810242707255
chr11,108121750,108121750,-0.445599792027705
chr7,38025694,38025694,-0.444753569999198
chr20,17226106,17226106,-0.444541456497497
chr2,108989371,108989371,-0.44397474559178
chr14,30874542,30874542,-0.443421171475797
chr5,55994992,55994992,-0.441746392540934
chr8,27992726,27992726,-0.441420305131518
chr6,32115262,32115262,-0.438274673958092
chr4,74794685,74794685,-0.438062319547564
chr1,241519760,241519760,-0.437003865540591
chr1,153967712,153967712,-0.434785656688415
chr5,119268691,119268691,-0.432780906809885
chr14,94517843,94517843,-0.431586841964866
chr9,73080441,73080441,-0.431202523516481
chr11,34915828,34915828,-0.430009810869725
chr22,17084953,17084953,-0.42929704649062
chr1,152414262,152414262,-0.428446479166913
chr5,132257670,132257670,-0.428139386482346
chr1,150629611,150629611,-0.42705548252042
chr20,14337615,14337615,-0.425405595364121
chr8,94217302,94217302,-0.424983376786739
chr15,32730689,32730689,-0.42196761255588
chr9,137115176,137115176,-0.418734005717016
chr15,45402326,45402326,-0.418421332594267
chr3,54122546,54122546,-0.417859708189336
chr10,5842131,5842131,-0.414620682296325
chr2,68365172,68365172,-0.414354453864286
chr15,81324182,81324182,-0.413074489157659
chr9,133414357,133414357,-0.412079553507815
chr4,73869392,73869392,-0.411955901704233
chr2,68679600,68679600,-0.411673430481129
chr3,186567402,186567402,-0.409853001241625
chr20,3208867,3208867,-0.409821726171682
chr5,180292098,180292098,-0.407416974919167
chr12,32896839,32896839,-0.406874866089071
chr15,64094122,64094122,-0.406753534034599
chr5,149404201,149404201,-0.405282442258266
chr5,107670894,107670894,-0.403695578381002
chr2,62196112,62196112,-0.402963483140278
chr1,52602371,52602371,-0.402427204795215
chr8,56993843,56993843,-0.402120599285482
chr7,97731907,97731907,-0.401180599106258
chr22,35380360,35380360,-0.397507162121395
chr6,79631282,79631282,-0.395642398624292
chr14,20781050,20781050,-0.393386625360783
chr7,87345680,87345680,-0.391205173830499
chr1,22643629,22643629,-0.390650627630803
chr4,55125588,55125588,-0.390237425025147
chr15,69160583,69160583,-0.390042398160287
chr6,2842005,2842005,-0.389766130820201
chr9,35646688,35646688,-0.386548927056691
chr2,10302888,10302888,-0.386488844822355
chr19,54617157,54617157,-0.38583124582204
chr16,86555234,86555234,-0.385356721403307
chr1,203273640,203273640,-0.384762579363419
chr18,74534439,74534439,-0.382679762980048
chr4,155953916,155953916,-0.382671015690772
chr1,93909455,93909455,-0.38234917168194
chr22,26618087,26618087,-0.38234917168194
chr1,175743769,175743769,-0.38234917168194
chr22,38843981,38843981,-0.382106615235731
chr2,182716040,182716040,-0.381765333308436
chr6,132763458,132763458,-0.37979934700797
chr7,49773660,49773660,-0.37905595656236
chr21,41304211,41304211,-0.378465512336119
chr17,76376583,76376583,-0.378454977820283
chr7,2403559,2403559,-0.377996765253744
chr20,24992978,24992978,-0.377972961909083
chr1,1020122,1020122,-0.375831334024066
chr17,82334073,82334073,-0.373069721790983
chr12,48004485,48004485,-0.373066506612184
chr4,1793306,1793306,-0.372930468993553
chr16,30199230,30199230,-0.372646846226025
chr6,149863492,149863492,-0.370852248134908
chr4,17577191,17577191,-0.370072427809238
chr6,73695784,73695784,-0.369551428091222
chr10,5195462,5195462,-0.368458134770592
chr17,1742835,1742835,-0.36749977687796
chr19,51124907,51124907,-0.366698017538898
chr8,42207723,42207723,-0.365756959480053
chr19,48624132,48624132,-0.364481177274646
chr1,179025803,179025803,-0.363834075191517
chr20,33273479,33273479,-0.363780201513057
chr7,76302543,76302543,-0.358487976440476
chr7,33062796,33062796,-0.358189233976488
chr18,74292015,74292015,-0.356859532944291
chr2,240435670,240435670,-0.355553320142438
chr3,195271166,195271166,-0.355290427243829
chr1,168543996,168543996,-0.353773902159743
chr17,36017967,36017967,-0.352466182082176
chr2,233692865,233692865,-0.351836463117554
chr8,65644733,65644733,-0.351279785138086
chr5,90409785,90409785,-0.35055137520218
chr17,19387239,19387239,-0.350005788101738
chr19,6730561,6730561,-0.348039093425454
chr11,20387529,20387529,-0.347564502089381
chr10,130136398,130136398,-0.347564502089381
chr19,3572776,3572776,-0.345930557142358
chr10,69088105,69088105,-0.345438354460758
chr10,93601743,93601743,-0.343657679261176
chr6,137867187,137867187,-0.343657679261176
chr1,159800511,159800511,-0.343657679261176
chr15,65423071,65423071,-0.343476223916605
chr22,23580307,23580307,-0.343361283928819
chr12,69348340,69348340,-0.342385799068069
chr3,196082188,196082188,-0.339965302137669
chr9,33218364,33218364,-0.337903559943783
chr6,153002684,153002684,-0.3371885382816
chr8,119673452,119673452,-0.336093399069505
chr7,2354317,2354317,-0.334725079304468
chr2,227472187,227472187,-0.333405858183989
chr9,71816689,71816689,-0.33315714140087
chr7,146116001,146116001,-0.332077604270668
chr1,157598079,157598079,-0.328715758053266
chr4,80125453,80125453,-0.327872660813741
chr16,15643266,15643266,-0.327022947882397
chr14,21476972,21476972,-0.326828919049188
chr14,94561090,94561090,-0.325482360832201
chr10,116590384,116590384,-0.324988129646661
chr4,76041414,76041414,-0.32358090145806
chr6,41286718,41286718,-0.322458255289012
chr2,160062609,160062609,-0.322295547661293
chr3,112332840,112332840,-0.32205815401966
chr20,23826730,23826730,-0.321885581233402
chr14,24232454,24232454,-0.321467613434939
chr20,24949229,24949229,-0.321138553421326
chr4,109802178,109802178,-0.321137765006781
chr12,9607885,9607885,-0.321137765006781
chr9,101435822,101435822,-0.320659154557111
chr19,36114288,36114288,-0.319459165211963
chr1,75724346,75724346,-0.319457380894744
chr10,15088775,15088775,-0.318963608938902
chr1,109741037,109741037,-0.318531887331634
chr17,36017967,36017967,-0.315912005708774
chr19,49017080,49017080,-0.315219873167772
chr5,150485817,150485817,-0.315004173791913
chr19,48836677,48836677,-0.314009937828108
chr19,54223505,54223505,-0.313095629065887
chr22,20858982,20858982,-0.311772582900857
chr10,92574075,92574075,-0.310918454146573
chr2,80304748,80304748,-0.310918454146573
chr22,41589889,41589889,-0.310918454146573
chr19,51084244,51084244,-0.310191794422809
chr9,134880811,134880811,-0.308976505325426
chr1,63774021,63774021,-0.308239999066441
chr17,75130866,75130866,-0.307760588045959
chr3,186660215,186660215,-0.307523647116803
chr19,43670546,43670546,-0.306754509653229
chr19,50984098,50984098,-0.30669244697122
chr12,21501668,21501668,-0.306636589595962
chr6,52803909,52803909,-0.306411769440113
chr3,194351327,194351327,-0.305661761024449
chr15,75626468,75626468,-0.304090170268506
chr19,55038263,55038263,-0.303801730321957
chr4,76011183,76011183,-0.301914376707356
chr17,50834649,50834649,-0.301703496473362
chr22,36913627,36913627,-0.301684899003108
chr16,89613307,89613307,-0.301542142997133
chr14,35044906,35044906,-0.300795801722644
chr5,134873802,134873802,-0.30005755886866
chr11,47186442,47186442,-0.299587689174204
chr9,94640248,94640248,-0.299134532810192
chr13,46797231,46797231,-0.297292924397485
chr9,94593792,94593792,-0.29672145732722
chr20,45812575,45812575,-0.29672145732722
chr11,18412306,18412306,-0.29672145732722
chr6,110358271,110358271,-0.29672145732722
chr10,13234333,13234333,-0.296483907529082
chr4,94342875,94342875,-0.294774503967677
chr10,71851374,71851374,-0.293953452510557
chr1,19289249,19289249,-0.29226612675766
chr19,58353498,58353498,-0.292265167034396
chr12,91111830,91111830,-0.292141685068675
chr7,100602176,100602176,-0.291914279410992
chr3,51983409,51983409,-0.291837364908672
chr13,113122813,113122813,-0.29156964780543
chr14,69259276,69259276,-0.291370466112959
chr2,240560053,240560053,-0.291015747176238
chr8,96645226,96645226,-0.290524619996691
chr21,42366593,42366593,-0.289667268259641
chr12,8822471,8822471,-0.288698562656878
chr6,41201193,41201193,-0.287974531728399
chr1,116571038,116571038,-0.287541377014952
chr1,161721562,161721562,-0.286800044081806
chr1,173824502,173824502,-0.286661302175956
chr19,544033,544033,-0.286010872871417
chr22,41800678,41800678,-0.286010872871417
chr1,151399533,151399533,-0.285345648417021
chr6,2993930,2993930,-0.284799449026741
chr9,86100172,86100172,-0.284388138970735
chr18,9334766,9334766,-0.284254479506523
chr17,74466415,74466415,-0.283272006505306
chr16,401825,401825,-0.283063188526392
chr22,26596716,26596716,-0.282950363580819
chr3,186612922,186612922,-0.280327488939921
chr9,75088216,75088216,-0.279815762077384
chr10,119178832,119178832,-0.279026374938946
chr17,4143167,4143167,-0.278063569644004
chr16,2858169,2858169,-0.277880757296982
chr19,32675198,32675198,-0.277644142249068
chr19,50723328,50723328,-0.275964054203027
chr18,9708164,9708164,-0.275670489120121
chr20,23751267,23751267,-0.274447388514423
chr1,85277089,85277089,-0.274111994867555
chr12,50103818,50103818,-0.274111994867555
chr10,70233910,70233910,-0.27289821657028
chr14,49620794,49620794,-0.272303676887689
chr11,66011840,66011840,-0.271710988661101
chr21,46098096,46098096,-0.271462369493372
chr1,157898255,157898255,-0.268982327945624
chr19,51501788,51501788,-0.268975015884717
chr17,35880792,35880792,-0.267304156543504
chr1,153460700,153460700,-0.267048896165702
chr19,38832004,38832004,-0.264285601496218
chr14,94612376,94612376,-0.264017575777635
chr8,97868839,97868839,-0.263986053169587
chr6,137173647,137173647,-0.263985300014338
chr1,183186237,183186237,-0.263536051943506
chr6,105403083,105403083,-0.262265345008328
chr1,161631962,161631962,-0.260818430937195
chr8,119416305,119416305,-0.260818430937195
chr3,190514050,190514050,-0.260578524501405
chr19,40348527,40348527,-0.258791296173968
chr19,51002710,51002710,-0.258745928463486
chr10,30374447,30374447,-0.258309352230485
chr16,1827194,1827194,-0.256521654755358
chr7,81770437,81770437,-0.256370753532074
chr20,63696667,63696667,-0.255423396493595
chr17,18363562,18363562,-0.254889508973229
chr5,95555073,95555073,-0.25222753004427
chr19,47886396,47886396,-0.250329669905358
chr1,27635276,27635276,-0.249862798606108
chr9,114930594,114930594,-0.24978121572604
chr16,2009925,2009925,-0.247451370651517
chr7,98617296,98617296,-0.245874093625929
chr9,73151756,73151756,-0.245078109051035
chr3,113828181,113828181,-0.244360383755969
chr3,148791101,148791101,-0.244192567329261
chr2,210477651,210477651,-0.243874823116741
chr2,237966826,237966826,-0.243874823116741
chr2,119366920,119366920,-0.243871987303853
chr15,51681352,51681352,-0.243713357641951
chr11,62622174,62622174,-0.242660228940676
chr4,167234795,167234795,-0.241877522231131
chr4,99291027,99291027,-0.241844139677848
chr6,41163185,41163185,-0.239756848781498
chr8,35235456,35235456,-0.239736766971274
chr1,161038989,161038989,-0.239048217058498
chr22,50601454,50601454,-0.239013070108743
chr9,136945245,136945245,-0.238149147016324
chr4,186069151,186069151,-0.237873143074559
chr4,73982123,73982123,-0.237685585047033
chr11,20363684,20363684,-0.237685585047033
chr8,118952199,118952199,-0.234838760815059
chr6,4135596,4135596,-0.234838760815059
chr8,86514356,86514356,-0.234838760815059
chr1,156766924,156766924,-0.233621728458915
chr16,1240695,1240695,-0.233225792652498
chr6,26440471,26440471,-0.232232706121167
chr3,139539828,139539828,-0.23058710703381
chr7,143132076,143132076,-0.230403343523059
chr12,103930211,103930211,-0.230220874319438
chr4,87799580,87799580,-0.230014267700406
chr10,80205571,80205571,-0.230014267700406
chr6,169254043,169254043,-0.229558005588308
chr10,88761405,88761405,-0.229403013167676
chr18,500721,500721,-0.228005564362494
chr4,121697112,121697112,-0.226419590505338
chr5,136028894,136028894,-0.225793435964454
chr3,112975121,112975121,-0.225790557125612
chr7,88226992,88226992,-0.225640035301274
chr1,156893697,156893697,-0.225303843580375
chr10,104235355,104235355,-0.222813364450809
chr21,41420303,41420303,-0.221961347607445
chr9,133061977,133061977,-0.221732021629237
chr6,31897784,31897784,-0.221425906968459
chr5,83077497,83077497,-0.21856206651885
chr13,96090838,96090838,-0.218253476663275
chr1,9824525,9824525,-0.217903980096602
chr2,151357591,151357591,-0.216858466458326
chr18,63476760,63476760,-0.216041509186013
chr1,156766924,156766924,-0.216041509186013
chr17,28577263,28577263,-0.215187884727657
chr16,4495762,4495762,-0.214976052323824
chr2,233760247,233760247,-0.214180255585108
chr1,19980415,19980415,-0.212170403661695
chr21,20998314,20998314,-0.211390761415893
chr19,50723328,50723328,-0.211108791478216
chr7,48088627,48088627,-0.209661993601259
chr17,79730918,79730918,-0.209661993601259
chr5,148025682,148025682,-0.209661993601259
chr6,36875023,36875023,-0.207472342518002
chr9,114078471,114078471,-0.206422633601201
chr17,7404873,7404873,-0.205859358425692
chr22,23768442,23768442,-0.205610661285613
chr19,48646311,48646311,-0.205000991080505
chr12,7109272,7109272,-0.20499406232282
chr1,207104261,207104261,-0.20417532401342
chr8,85220586,85220586,-0.203270421116
chr16,30123505,30123505,-0.201981486236283
chr1,107140006,107140006,-0.20135486000252
chr15,45023103,45023103,-0.199851170588538
chr1,116910056,116910056,-0.198538541223222
chr12,104455294,104455294,-0.198486841724408
chr11,1389898,1389898,-0.197952746124206
chr9,5450502,5450502,-0.197927914622958
chr1,146036745,146036745,-0.197165393876136
chr9,36136535,36136535,-0.196404862457367
chr2,79159752,79159752,-0.194608599936874
chr17,34319035,34319035,-0.194461532317957
chr1,169630192,169630192,-0.193319259922948
chr11,102530752,102530752,-0.193033254082857
chr21,36070949,36070949,-0.192567679991901
chr17,36002037,36002037,-0.191914748099933
chr22,37486400,37486400,-0.191092644532139
chr6,47309904,47309904,-0.190836155967112
chr21,26966512,26966512,-0.190310718399959
chr1,112707433,112707433,-0.19024616189477
chr12,65121565,65121565,-0.189831852292238
chr5,159263080,159263080,-0.189579777302665
chr5,103562792,103562792,-0.189486515329643
chr1,63593275,63593275,-0.189288422617141
chr14,55124109,55124109,-0.189112325979315
chr20,32207879,32207879,-0.189046299453812
chr15,40405794,40405794,-0.188517996331943
chr17,48830987,48830987,-0.185749952382431
chr2,36696689,36696689,-0.18551902117892
chr19,840959,840959,-0.185091841968462
chr5,55024252,55024252,-0.184017979797294
chr7,134459251,134459251,-0.183650972951921
chr2,70257385,70257385,-0.183092006596763
chr1,225941488,225941488,-0.182841540991345
chr1,37634922,37634922,-0.182680673959952
chr17,36090140,36090140,-0.18249291839186
chr5,177600099,177600099,-0.180873836344365
chr20,23879749,23879749,-0.180591508523434
chr8,85379013,85379013,-0.180166915606528
chr2,42048019,42048019,-0.179794566443221
chr22,50525605,50525605,-0.179306853262625
chr1,1001137,1001137,-0.179262444131487
chr16,2214806,2214806,-0.178593607479531
chr5,180591539,180591539,-0.178544679096834
chr9,32526323,32526323,-0.178421644171832
chr5,94111698,94111698,-0.178348119522862
chr10,114239329,114239329,-0.176749011928804
chr17,35986532,35986532,-0.176748018856673
chr12,117099478,117099478,-0.176290764256046
chr6,43770212,43770212,-0.176236122236982
chr5,133612563,133612563,-0.175047637937436
chr1,235367359,235367359,-0.175006999233088
chr1,161550736,161550736,-0.174004755420788
chr19,8052766,8052766,-0.173592947215216
chr14,23567687,23567687,-0.17292265306369
chr22,17221988,17221988,-0.172616536577519
chr5,129094750,129094750,-0.172476205882862
chr6,43770212,43770212,-0.171666488967859
chr1,231425043,231425043,-0.171522719672714
chr1,204828650,204828650,-0.170248330299032
chr19,35742452,35742452,-0.170057820617132
chr9,34710123,34710123,-0.168507920809094
chr5,151212149,151212149,-0.167438067885055
chr4,71804040,71804040,-0.166459035827103
chr2,88128115,88128115,-0.166459035827103
chr22,39077004,39077004,-0.166459035827103
chr16,66552543,66552543,-0.16591455891658
chr6,3118373,3118373,-0.165802869475675
chr17,36064279,36064279,-0.165523689548435
chr20,18587892,18587892,-0.16419561494747
chr1,196850240,196850240,-0.163999748196998
chr7,142760397,142760397,-0.162997874724546
chr7,23235966,23235966,-0.162445183099934
chr2,24085860,24085860,-0.162335632970319
chr9,136849090,136849090,-0.162014851854216
chr3,15601340,15601340,-0.161875128317924
chr13,23570369,23570369,-0.16168213273089
chr18,34976927,34976927,-0.159243509593205
chr5,39371289,39371289,-0.159169971246455
chr10,14838574,14838574,-0.15824775099847
chr3,134597800,134597800,-0.156992294463179
chr19,43465659,43465659,-0.156849166414421
chr16,5034140,5034140,-0.156021850986508
chr5,271620,271620,-0.153826527784588
chr16,1826939,1826939,-0.152665426819397
chr13,46211870,46211870,-0.151718780521135
chr1,157820104,157820104,-0.151718780521135
chr4,99816832,99816832,-0.151718780521135
chr3,51385046,51385046,-0.151252382126171
chr1,153310717,153310717,-0.150175065512935
chr5,123036740,123036740,-0.14996612470513
chr20,3471039,3471039,-0.149422583728461
chr4,73836496,73836496,-0.14906928951319
chr22,50261824,50261824,-0.148931205674557
chr17,1645746,1645746,-0.148224346798068
chr5,157731196,157731196,-0.147178986109113
chr2,85668740,85668740,-0.146232437779067
chr2,74147993,74147993,-0.146030858770474
chr17,81961839,81961839,-0.145008393965678
chr2,86808395,86808395,-0.144207881696113
chr10,6088986,6088986,-0.144132920074445
chr9,134917962,134917962,-0.141372930487291
chr15,81159574,81159574,-0.140903665162061
chr19,17511889,17511889,-0.14058896823669
chr7,45888356,45888356,-0.140181936162834
chr4,87975649,87975649,-0.139692323413777
chr2,1744851,1744851,-0.139467488245596
chr19,40771647,40771647,-0.138752902130192
chr10,69123511,69123511,-0.1378860423531
chr9,78297142,78297142,-0.1378860423531
chr11,6474458,6474458,-0.137488591348035
chr4,99946725,99946725,-0.137137201133158
chr1,167553766,167553766,-0.137116384413345
chr8,133571939,133571939,-0.135327763446222
chr17,44345085,44345085,-0.135041362083773
chr11,41459772,41459772,-0.135041362083773
chr6,70667775,70667775,-0.134446036831932
chr21,41304211,41304211,-0.133528650231897
chr2,174248697,174248697,-0.133510651581898
chr1,101997029,101997029,-0.133485074695191
chr4,70028412,70028412,-0.133425947436182
chr17,42536171,42536171,-0.133390122528558
chr1,235327487,235327487,-0.131424513317679
chr18,54270028,54270028,-0.130841832899031
chr16,8788822,8788822,-0.13000742781109
chr5,75512063,75512063,-0.129221172954225
chr5,75512063,75512063,-0.129221172954225
chr4,87422581,87422581,-0.128586996903759
chr6,149863492,149863492,-0.127807824534903
chr5,151758778,151758778,-0.127440221449401
chr3,165197108,165197108,-0.126164808949559
chr5,38258408,38258408,-0.124737835806907
chr17,50094736,50094736,-0.123688433308672
chr9,92482505,92482505,-0.123097265900007
chr11,57381149,57381149,-0.121800463744852
chr15,75579288,75579288,-0.120948238678635
chr9,89498129,89498129,-0.120642722030607
chr5,52989325,52989325,-0.120149509378261
chr19,18791313,18791313,-0.119662310109485
chr3,113828181,113828181,-0.119514557812532
chr19,6730561,6730561,-0.118403637354989
chr11,62337447,62337447,-0.117748184468003
chr1,159587824,159587824,-0.11774348929757
chr2,208124500,208124500,-0.117460058440926
chr17,3668681,3668681,-0.115635438267736
chr11,68008577,68008577,-0.114838629296236
chr6,116158746,116158746,-0.114650361240349
chr11,114439385,114439385,-0.11426119472526
chr20,45174875,45174875,-0.113922684492599
chr16,70289542,70289542,-0.113717251097444
chr12,7128941,7128941,-0.113642109653317
chr20,59007246,59007246,-0.112786494076943
chr4,99088800,99088800,-0.112486088906791
chr4,99219536,99219536,-0.112486088906791
chr1,45550542,45550542,-0.112367928974867
chr10,88990581,88990581,-0.112259564691492
chr14,23365751,23365751,-0.112007969172292
chr10,19816238,19816238,-0.111684032111772
chr7,55019020,55019020,-0.109285407760123
chr2,232406842,232406842,-0.108760232205152
chr22,50481555,50481555,-0.10873097509482
chr4,17512233,17512233,-0.107798905845648
chr4,73481682,73481682,-0.107247243654942
chr5,140633700,140633700,-0.106907723438639
chr7,66075797,66075797,-0.106062870349874
chr5,95823004,95823004,-0.105095563165553
chr19,6730561,6730561,-0.104543513055691
chr19,54242790,54242790,-0.104199633434789
chr1,19312145,19312145,-0.104111747542226
chr3,146163652,146163652,-0.104051571435941
chr4,48269863,48269863,-0.104051571435941
chr11,20363684,20363684,-0.104051571435941
chr9,131096475,131096475,-0.103826193840193
chr4,184221229,184221229,-0.103786755450206
chr1,89065359,89065359,-0.103212602060915
chr11,12009768,12009768,-0.103212602060915
chr10,7703268,7703268,-0.101176009477028
chr11,43880810,43880810,-0.100979720113015
chr14,65410591,65410591,-0.100073892722764
chr11,236430,236430,-0.100073892722764
chr2,135837179,135837179,-0.0979456826260097
chr2,237414374,237414374,-0.0979456826260097
chr20,5611025,5611025,-0.0968904126176868
chr4,99435736,99435736,-0.096769485601364
chr11,924893,924893,-0.0955076904303392
chr11,33736444,33736444,-0.0955076904303392
chr12,68971569,68971569,-0.0955076904303392
chr15,50424379,50424379,-0.0955076904303392
chr5,148202793,148202793,-0.0939788799891539
chr2,221572357,221572357,-0.093903853150244
chr17,18258915,18258915,-0.0937372082293349
chr9,135521437,135521437,-0.0935371138233129
chr19,14031747,14031747,-0.093376543473443
chr1,206946465,206946465,-0.0926870280957898
chr6,43770212,43770212,-0.0926870280957898
chr5,35852694,35852694,-0.0926870280957898
chr14,52069227,52069227,-0.0926870280957898
chr1,74733150,74733150,-0.0920794965234478
chr5,74640022,74640022,-0.0902867508016282
chr1,72282733,72282733,-0.0900273734011431
chr19,55376835,55376835,-0.0900273734011431
chr5,41261437,41261437,-0.0892923073136825
chr9,98943178,98943178,-0.0890699254838198
chr3,139935184,139935184,-0.0888157453347352
chr7,87934142,87934142,-0.0883893952090821
chr9,91950161,91950161,-0.0883142130531722
chr3,194398353,194398353,-0.088254208339557
chr9,113401332,113401332,-0.0876484025954393
chr11,18394387,18394387,-0.0871759174950038
chr10,17809343,17809343,-0.086685167403611
chr10,88990581,88990581,-0.0853108144965143
chr2,172555372,172555372,-0.0847849093011638
chr16,2252299,2252299,-0.0839985346471058
chr17,7217715,7217715,-0.0839985346471058
chr10,88879733,88879733,-0.0838987559401536
chr11,18248642,18248642,-0.0832073779549498
chr5,132872321,132872321,-0.0830877022752354
chr2,32039811,32039811,-0.0825760017179436
chr2,88691643,88691643,-0.0822052263341302
chr3,186635968,186635968,-0.0821054217240766
chr6,35797343,35797343,-0.0817958962551824
chr11,126063334,126063334,-0.0816540003971567
chr10,72089031,72089031,-0.081540189615458
chr11,2992376,2992376,-0.0813237893425538
chr5,180899076,180899076,-0.0810225911150703
chr10,43138485,43138485,-0.0807522741179797
chr20,3071619,3071619,-0.0805409456503689
chr11,18266173,18266173,-0.080200212154574
chr3,138608608,138608608,-0.0783522301416454
chr11,126283064,126283064,-0.0782143619318924
chr4,15702949,15702949,-0.0776631357376485
chr12,2794952,2794952,-0.0775946029633353
chr1,201509455,201509455,-0.0770297247378719
chr9,37422665,37422665,-0.0770297247378719
chr13,91398606,91398606,-0.0766676009818717
chr19,44914246,44914246,-0.0753953097696754
chr19,51225063,51225063,-0.0752200429367549
chr12,101568352,101568352,-0.0749559018021907
chr12,9971414,9971414,-0.0748061828674497
chr9,76394516,76394516,-0.0742891381385042
chr17,82317601,82317601,-0.0741571914593232
chr4,74365142,74365142,-0.0740694914674264
chr11,34438924,34438924,-0.0737050566364307
chr1,26279175,26279175,-0.0733381671965291
chr2,182867161,182867161,-0.0725075696152301
chr2,74198561,74198561,-0.0724293822303116
chr11,117232524,117232524,-0.0720364278511639
chr7,66995600,66995600,-0.0718596816447813
chr8,33473384,33473384,-0.0706094114241802
chr1,7954290,7954290,-0.0686192809065667
chr1,22710838,22710838,-0.0665857758245514
chr17,44968070,44968070,-0.0665545727076803
chr7,80369574,80369574,-0.0662959597503242
chr2,186693970,186693970,-0.0660586613135154
chr11,3854658,3854658,-0.0649566826611688
chr19,4559807,4559807,-0.0649566826611688
chr2,241686990,241686990,-0.0648605004333009
chr7,66205198,66205198,-0.0646107984494083
chr19,6730561,6730561,-0.0645260876450022
chr19,859642,859642,-0.0638921800871682
chr6,166957183,166957183,-0.0626295107430046
chr6,75749191,75749191,-0.0613242472813394
chr1,21937296,21937296,-0.0608339630941336
chr7,107890969,107890969,-0.0598930228625918
chr10,87504874,87504874,-0.0598930228625918
chr1,198156962,198156962,-0.0598337537951534
chr4,73998778,73998778,-0.059324948176094
chr2,232378533,232378533,-0.0590993361980909
chr11,27722057,27722057,-0.0586055562390637
chr11,27722057,27722057,-0.0586055562390637
chr19,38930546,38930546,-0.0582204482437324
chr11,123195280,123195280,-0.0566385422785719
chr12,51906907,51906907,-0.0557299079758248
chr1,1361776,1361776,-0.0554066657444264
chr12,6772518,6772518,-0.0551401414775227
chr10,116273466,116273466,-0.0550220476856836
chr3,142889202,142889202,-0.0549783077301351
chr19,54803534,54803534,-0.0545086201453511
chr6,148747327,148747327,-0.054036560897085
chr5,79991310,79991310,-0.0539217300080687
chr3,66501262,66501262,-0.0537894253650452
chr11,130069836,130069836,-0.0527877327385104
chr1,182789292,182789292,-0.0510973020482682
chr21,36134911,36134911,-0.0501986036189526
chr14,20684099,20684099,-0.049809318478418
chr4,6575174,6575174,-0.049389327049806
chr15,79897378,79897378,-0.0486288502340182
chr11,12377184,12377184,-0.0483200702687543
chr11,59866574,59866574,-0.0481811577334725
chr17,34285667,34285667,-0.0480230050842862
chr4,65669959,65669959,-0.0480230050842862
chr20,62407284,62407284,-0.0480230050842862
chr1,119811659,119811659,-0.0479942972975952
chr5,180649623,180649623,-0.0478575027853448
chr5,140633700,140633700,-0.047814376973108
chr20,58309695,58309695,-0.0473245227165507
chr20,2296000,2296000,-0.0467301237083178
chr1,203351488,203351488,-0.0463733970526166
chr5,10308025,10308025,-0.0456325976946444
chr11,58731973,58731973,-0.0455049251000036
chr22,17774769,17774769,-0.0452675427179226
chr10,91909482,91909482,-0.0447712258763246
chr14,94612376,94612376,-0.0445318811280097
chr8,6563408,6563408,-0.0443422372371273
chr6,7910813,7910813,-0.0442167014502728
chr12,109573873,109573873,-0.0432220381601697
chr3,194369742,194369742,-0.043132579748446
chr3,133895835,133895835,-0.0427053468702801
chr14,64388030,64388030,-0.0416081329739703
chr9,97039642,97039642,-0.0411512319408384
chr12,56079856,56079856,-0.0405316993861773
chr17,7613945,7613945,-0.0405274316922522
chr3,120682570,120682570,-0.0404463952444987
chr16,49281830,49281830,-0.0400141950274199
chr20,23638472,23638472,-0.0396659698480478
chr10,70170522,70170522,-0.0390966007682785
chr10,43077026,43077026,-0.0386823231279798
chr19,7669043,7669043,-0.0385968055725808
chr19,51142298,51142298,-0.0382106779969681
chr5,76952712,76952712,-0.0377481266830254
chr1,28887090,28887090,-0.0377299741951194
chr1,196977555,196977555,-0.0347984030890449
chr9,34590139,34590139,-0.0337727877502721
chr13,87672614,87672614,-0.0332824560024643
chr5,178204506,178204506,-0.0314704578992
chr5,87413018,87413018,-0.0311874528144265
chr18,47150519,47150519,-0.0305978161945398
chr6,85449583,85449583,-0.030249294629533
chr8,23854806,23854806,-0.029216800555739
chr14,74019351,74019351,-0.0290856336298207
chr15,93089203,93089203,-0.0284101934327358
chr11,75562055,75562055,-0.028225886511876
chr10,5978186,5978186,-0.0274802426776214
chr17,9021541,9021541,-0.0266328425538141
chr13,85799487,85799487,-0.0251484672696835
chr12,10013423,10013423,-0.0250538202322302
chr21,42351127,42351127,-0.0242737522201748
chr17,35981495,35981495,-0.0241634361879148
chr11,18236892,18236892,-0.0237826456337353
chr1,228139961,228139961,-0.0237201597619622
chr4,37826632,37826632,-0.0237201597619622
chr1,160523261,160523261,-0.0234863856301803
chr11,6619365,6619365,-0.023404889843905
chr2,108288638,108288638,-0.0231912437841138
chr1,24187958,24187958,-0.0229355297702833
chr6,42929191,42929191,-0.0222011256840128
chr20,3043621,3043621,-0.021737095360566
chr11,27472774,27472774,-0.0216342480167961
chr14,92748701,92748701,-0.0216103466361556
chr1,202161587,202161587,-0.0215637439817376
chr3,93974065,93974065,-0.021504564802065
chr22,30607083,30607083,-0.0213584116642492
chr4,109912883,109912883,-0.0186229512308768
chr11,60924462,60924462,-0.0183524935919134
chr14,20688772,20688772,-0.0183089356220606
chr17,19748942,19748942,-0.0181357602121068
chr1,72282733,72282733,-0.0181357602121068
chr11,66002077,66002077,-0.0181357602121068
chr15,88913410,88913410,-0.0179845303890239
chr10,5978186,5978186,-0.0179288284295981
chr8,17576432,17576432,-0.0172730663640777
chr11,119340566,119340566,-0.0170470212471982
chr19,7747563,7747563,-0.0164683325454612
chr8,85373435,85373435,-0.0164177008866015
chr1,155859508,155859508,-0.0159529442556967
chr5,150155871,150155871,-0.0153523960013334
chr8,118995451,118995451,-0.0151941657112346
chr16,83899125,83899125,-0.0140828634659757
chr1,25543579,25543579,-0.0132350463109236
chr4,107989713,107989713,-0.0128632482197463
chr7,23235966,23235966,-0.0122566852317297
chr6,49713589,49713589,-0.0119031665578233
chr7,142855060,142855060,-0.0118551278148518
chr1,8945866,8945866,-0.0116775368130468
chr1,204190323,204190323,-0.0107376561418533
chr9,34376852,34376852,-0.00946661000585502
chr3,101574094,101574094,-0.00946661000585502
chr5,140558251,140558251,-0.00946661000585502
chr2,69644424,69644424,-0.0092946399676605
chr1,201171573,201171573,-0.00921488560609604
chr1,159714588,159714588,-0.0089762005930136
chr2,96740063,96740063,-0.0089762005930136
chr2,219160864,219160864,-0.0089762005930136
chr7,101252315,101252315,-0.00874956744734437
chr9,98056738,98056738,-0.00794697299816837
chr1,27374823,27374823,-0.00791987838892538
chr1,29236515,29236515,-0.00612187675203658
chr19,10270834,10270834,-0.00584454519332526
chr6,38703140,38703140,-0.00581375399254033
chr6,169254043,169254043,-0.00571782503152099
chr14,50944735,50944735,-0.00512758500931355
chr19,32581067,32581067,-0.00356624365732559
chr20,44714843,44714843,-0.00154324000625513
chr4,98261383,98261383,0
